fc_Hz,"front: self noise (TE) - Rozenberg (2010, thesis) - thesis eq. 3.18","front: self noise (TE) - Rozenberg (2010, thesis) - full","rear: self noise (TE) - Rozenberg (2010, thesis) - thesis eq. 3.18","rear: self noise (TE) - Rozenberg (2010, thesis) - full",rear: rotor-wake interaction (LE) - von Karman - thesis eq. 2.73,rear: rotor-wake interaction (LE) - von Karman - full
25.1,26.55,28.42,28.51,29.49,20.03,42.15
31.6,29.08,30.13,31.17,31.80,23.05,44.44
39.8,31.48,31.98,33.63,33.64,26.07,46.66
50.1,33.71,33.74,35.95,35.33,29.08,48.80
63.1,35.82,35.49,38.11,37.13,32.10,50.88
79.4,37.78,37.19,40.10,38.87,35.10,52.95
100.0,39.59,38.82,41.89,40.52,38.09,55.21
125.9,41.21,40.32,43.43,42.03,41.03,57.58
158.5,42.58,41.55,44.63,43.31,43.90,59.72
199.5,43.56,42.43,45.38,44.45,46.62,61.77
251.2,44.06,43.23,45.75,45.72,49.25,63.75
316.2,44.14,44.19,46.09,47.11,51.74,65.64
398.1,44.07,45.42,46.89,48.42,54.07,67.42
501.2,44.82,46.42,47.87,49.54,56.73,69.06
631.0,45.49,47.40,48.42,50.41,59.51,70.76
794.3,45.94,48.35,48.75,50.98,62.19,72.31
1000.0,46.17,49.25,49.14,51.12,64.68,73.46
1258.9,46.20,50.02,49.47,50.69,66.96,73.94
1584.9,46.32,50.65,49.65,50.10,68.91,73.71
1995.3,46.41,51.12,49.78,50.08,70.41,73.13
2511.9,46.34,51.45,49.89,50.66,71.33,72.34
3162.3,46.20,51.66,49.91,50.56,71.60,71.21
3981.1,45.99,51.72,49.87,50.70,71.15,70.03
5011.9,45.76,51.67,49.79,50.60,70.11,68.77
6309.6,45.50,51.50,49.65,50.28,68.65,67.38
7943.3,45.16,51.21,49.46,50.21,67.07,65.84
10000.0,44.75,50.82,49.24,49.96,65.47,64.26
12589.3,44.31,50.32,48.96,49.60,63.86,62.60
15848.9,43.84,49.73,48.64,49.24,62.28,60.91
