f_Hz,"front: self noise (TE) - Rozenberg (2010, thesis) - thesis eq. 3.18","front: self noise (TE) - Rozenberg (2010, thesis) - full","front: self noise (TE) - Rozenberg (2010, thesis) - simplified","rear: self noise (TE) - Rozenberg (2010, thesis) - thesis eq. 3.18","rear: self noise (TE) - Rozenberg (2010, thesis) - full","rear: self noise (TE) - Rozenberg (2010, thesis) - simplified",rear: rotor-wake interaction (LE) - von Karman - full,rear: rotor-wake interaction (LE) - von Karman - simplified,total interaction noise - thesis eq. 3.18 + full interaction,total self noise - thesis eq. 3.18 + full interaction,total (interaction + self) - thesis eq. 3.18 + full interaction,total interaction noise - full,total self noise - full,total (interaction + self) - full,total interaction noise - simplified,total self noise - simplified,total (interaction + self) - simplified
20,17.2179,20.5158,19.7353,18.8871,19.711,22.3222,33.4973,34.424,33.4973,21.1425,33.7427,33.4973,23.1423,33.8801,34.424,24.2289,34.8206
25.3792,18.9942,20.6888,20.5389,20.9628,22.368,23.1958,34.8676,35.8393,34.8676,23.0994,35.1474,34.8676,24.6194,35.2595,35.8393,25.0777,36.1893
32.2052,20.552,21.4722,21.3555,22.5994,22.9261,24.0886,36.2605,37.1848,36.2605,24.7056,36.5539,36.2605,25.27,36.5931,37.1848,25.9439,37.4995
40.8672,21.9531,22.3614,22.1899,24.128,24.1041,24.9841,37.4752,38.4657,37.4752,26.1856,37.7865,37.4752,26.3299,37.7966,38.4657,26.8183,38.7531
51.8589,23.2241,23.2125,23.0395,25.473,24.8595,25.8882,38.6608,39.6879,38.6608,27.5028,38.9814,38.6608,27.1239,38.9555,39.6879,27.7036,39.9545
65.8069,24.3525,23.9622,23.8873,26.6594,25.6039,26.7757,39.7848,40.8572,39.7848,28.6676,40.1083,39.7848,27.8705,40.0557,40.8572,28.5776,41.1068
83.5064,25.3331,24.6812,24.6947,27.6616,26.3602,27.5964,40.8798,41.978,40.8798,29.6619,41.1961,40.8798,28.6116,41.1301,41.978,29.3938,42.2111
105.966,26.1442,25.3529,25.3942,28.4402,27.0342,28.2668,42.2615,43.4604,42.2615,30.4525,42.5388,42.2615,29.2847,42.475,43.4604,30.0741,43.6551
134.467,26.741,25.8084,25.8849,28.932,27.5061,28.6756,43.759,45.0353,43.759,30.9835,43.9823,43.759,29.75,43.9282,45.0353,30.511,45.1859
170.634,27.0378,25.9444,26.0513,29.0352,27.7413,28.737,44.9348,46.2247,44.9348,31.1606,45.1132,44.9348,29.9454,45.0703,46.2247,30.6088,46.3423
216.527,26.9051,25.7429,25.8626,28.6343,27.828,28.5758,46.1083,47.3289,46.1083,30.8655,46.2363,46.1083,29.9197,46.2116,47.3289,30.438,47.4169
274.765,26.1996,25.429,25.6247,27.7852,28.1859,28.6619,47.2283,48.4211,47.2283,30.0747,47.3112,47.2283,30.033,47.3104,48.4211,30.4139,48.4893
348.666,24.9616,25.641,25.8156,27.1465,28.6784,28.9758,48.3386,49.5523,48.3386,29.2003,48.3913,48.3386,30.4303,48.4084,49.5523,30.6873,49.6084
442.443,24.0241,25.7979,25.9815,27.3402,28.8409,28.9708,49.2737,50.5866,49.2737,29.0015,49.3143,49.2737,30.5909,49.3322,50.5866,30.7387,50.6314
561.443,24.1789,25.7873,25.9333,27.1511,28.9073,29.0397,50.1811,51.6082,50.1811,28.9247,50.2135,50.1811,30.6319,50.229,51.6082,30.7688,51.6439
712.45,23.7207,25.7592,25.9003,26.3583,28.6482,28.9607,51.0926,52.4324,51.0926,28.2471,51.1151,51.0926,30.4499,51.1299,52.4324,30.705,52.4615
904.071,22.6757,25.7362,25.8387,25.9169,28.0094,28.7726,51.6042,52.5944,51.6042,27.6022,51.6214,51.6042,30.0302,51.6343,52.5944,30.5591,52.6215
1147.23,22.0492,25.5129,25.63,25.1211,26.7694,28.4136,51.2128,52.0007,51.2128,26.8616,51.2287,51.2128,29.1968,51.24,52.0007,30.2514,52.0297
1455.79,21.146,25.1745,25.3,24.3391,24.9689,27.8126,50.1554,50.6689,50.1554,26.04,50.1722,50.1554,28.0832,50.1822,50.6689,29.7458,50.7039
1847.34,20.1548,24.6983,24.8173,23.4461,23.4368,26.9325,48.3328,49.1865,48.3328,25.1154,48.3534,48.3328,27.1235,48.3655,49.1865,29.0127,49.228
2344.2,19.0879,24.0309,24.144,22.5708,23.2538,25.8109,46.4819,47.4612,46.4819,24.1798,46.5074,46.4819,26.67,46.527,47.4612,28.0673,47.5109
2974.7,17.8744,23.2609,23.3204,21.5451,22.5144,24.649,44.4658,45.0978,44.4658,23.0969,44.4974,44.4658,25.914,44.526,45.0978,27.0456,45.1653
3774.78,16.6675,22.3471,22.3355,20.4778,20.9087,23.4862,42.1174,42.8966,42.1174,21.9881,42.1594,42.1174,24.6975,42.1954,42.8966,25.9591,42.9836
4790.05,15.4455,21.2705,21.1439,19.3821,20.2637,22.2033,39.8067,40.4017,39.8067,20.8556,39.8617,39.8067,23.8065,39.9145,40.4017,24.7161,40.5174
6078.39,14.0712,20.0775,19.7975,18.2011,18.8294,20.8429,37.34,37.6991,37.34,19.6199,37.4128,37.34,22.5084,37.4804,37.6991,23.3619,37.8562
7713.24,12.6932,18.7638,18.2896,16.9827,17.6504,19.4436,34.7536,35.0247,34.7536,18.3576,34.8521,34.7536,21.253,34.9434,35.0247,21.9151,35.2319
9787.8,11.2487,17.3359,16.6634,15.7315,16.3192,18.1593,32.0276,32.3291,32.0276,17.0548,32.1637,32.0276,19.8675,32.284,32.3291,20.4857,32.6042
12420.3,9.75655,15.7954,14.9362,14.402,14.9243,16.9471,29.2941,29.5641,29.2941,15.6832,29.4792,29.2941,18.392,29.6333,29.5641,19.0674,29.9351
15760.9,8.24618,14.1529,13.1866,13.0513,13.6842,15.6888,26.6025,26.8314,26.6025,14.2922,26.8504,26.6025,16.9352,27.0477,26.8314,17.6258,27.3238
20000,6.65815,12.4038,11.4895,11.6438,12.3474,14.0242,23.8767,24.0199,23.8767,12.8406,24.206,23.8767,15.386,24.4517,24.0199,15.9495,24.6493
