fc_Hz,propeller: self noise (TE) - Goody - full,propeller: self noise (TE) - Goody - simplified
25.1,-9.78,2.39
31.6,6.68,6.53
39.8,10.49,9.58
50.1,12.34,12.72
63.1,14.42,14.98
79.4,16.80,16.95
100.0,18.82,18.95
125.9,20.84,20.98
158.5,22.95,23.04
199.5,25.05,25.15
251.2,27.20,27.29
316.2,29.35,29.44
398.1,31.48,31.55
501.2,33.51,33.58
631.0,35.40,35.47
794.3,37.18,37.24
1000.0,38.95,39.00
1258.9,40.66,40.69
1584.9,41.98,42.00
1995.3,42.98,43.00
2511.9,43.72,43.73
3162.3,44.32,44.33
3981.1,45.02,45.05
5011.9,46.15,46.18
6309.6,47.19,47.22
7943.3,47.49,47.51
