f_Hz,propeller: BRTE (trailing edge) - Goody - full,propeller: BRTE (trailing edge) - Goody - simplified,total (BRWI + BRTE) - full,total (BRWI + BRTE) - simplified
20,-21.3532,-206.021,-21.3532,-206.021
23.4549,-18.885,-7.08145,-18.885,-7.08145
27.5067,-16.4437,-3.66199,-16.4437,-3.66199
32.2584,0.0217614,-1.96685,0.0217614,-1.96685
37.831,0.625982,-0.523713,0.625982,-0.523713
44.3662,1.22472,0.731275,1.22472,0.731275
52.0303,1.81509,2.4962,1.81509,2.4962
61.0184,2.37974,3.16069,2.37974,3.16069
71.5591,3.67139,3.83141,3.67139,3.83141
83.9207,4.36022,4.51085,4.36022,4.51085
98.4178,5.09446,5.20173,5.09446,5.20173
115.419,5.74635,5.90686,5.74635,5.90686
135.357,6.50699,6.62887,6.50699,6.62887
158.74,7.28141,7.36971,7.28141,7.36971
186.162,8.02525,8.13008,8.02525,8.13008
218.321,8.80519,8.90863,8.80519,8.90863
256.035,9.61322,9.70102,9.61322,9.70102
300.265,10.4089,10.4989,10.4089,10.4989
352.134,11.2045,11.2893,11.2045,11.2893
412.965,11.9784,12.0541,11.9784,12.0541
484.303,12.7017,12.7722,12.7017,12.7722
567.965,13.3547,13.4238,13.3547,13.4238
666.079,13.9333,14.0009,13.9333,14.0009
781.142,14.4588,14.5221,14.4588,14.5221
916.083,14.9806,15.0361,14.9806,15.0361
1074.33,15.5321,15.5773,15.5321,15.5773
1259.92,16.0383,16.0722,16.0383,16.0722
1477.57,16.3219,16.3463,16.3219,16.3463
1732.81,16.3563,16.3751,16.3563,16.3751
2032.15,16.3627,16.3768,16.3627,16.3768
2383.2,16.185,16.1959,16.185,16.1959
2794.89,15.8933,15.9035,15.8933,15.9035
3277.7,15.6188,15.6271,15.6188,15.6271
3843.92,15.3702,15.3922,15.3702,15.3922
4507.94,15.3208,15.3598,15.3208,15.3598
5286.67,15.6002,15.6337,15.6002,15.6337
6199.93,15.6404,15.676,15.6404,15.676
7270.95,15.2654,15.2823,15.2654,15.2823
8526.99,14.5003,14.5265,14.5003,14.5265
10000,14.3568,14.3889,14.3568,14.3889
