f_Hz,trailing-edge (Amiet 1976) - Amiet WPS,trailing-edge (Amiet 1976) - Chase-Howe,trailing-edge (Amiet 1976) - Goody,trailing-edge (Amiet 1976) - Rozenberg,trailing-edge (Amiet 1976) - Kamruzzaman,trailing-edge (Amiet 1976) - Lee,trailing-edge (Amiet 1976) - VKI GEP,total (interaction + self) - stationary
200,43.0349,38.0187,35.6979,40.0549,30.397,37.8107,34.7734,43.0349
219.708,43.0519,38.693,36.1125,40.4688,31.2064,38.3276,35.1333,43.0519
241.359,43.0402,39.31,36.4813,40.837,31.982,38.8008,35.459,43.0402
265.142,42.9898,39.8556,36.7941,41.1491,32.7129,39.22,35.7403,42.9898
291.27,42.8887,40.3142,37.039,41.3932,33.386,39.5731,35.9648,42.8887
319.972,42.723,40.6675,37.2019,41.5554,33.9861,39.8457,36.118,42.723
351.502,42.4759,40.8954,37.2662,41.619,34.4951,40.0211,36.1831,42.4759
386.14,42.128,40.9751,37.2128,41.5649,34.8921,40.0798,36.1401,42.128
424.19,41.6571,40.8814,37.0195,41.3708,35.1529,39.9994,35.9664,41.6571
465.99,41.0384,40.5877,36.6619,41.0126,35.2508,39.7552,35.637,41.0384
511.91,40.2468,40.0679,36.1154,40.4653,35.1587,39.3223,35.1264,40.2468
562.354,39.2614,39.301,35.3594,39.7087,34.8531,38.6801,34.4135,39.2614
617.769,38.0768,38.2824,34.3891,38.7376,34.3257,37.823,33.4924,38.0768
678.644,36.7232,37.0442,33.2351,37.583,33.6042,36.7818,32.3931,36.7232
745.519,35.2977,35.6864,31.9953,36.3425,32.7823,35.6539,31.2126,35.2977
818.983,33.9839,34.3963,30.8542,35.2007,32.0409,34.6235,30.1344,33.9839
899.687,33.016,33.412,30.0464,34.3923,31.6104,33.9252,29.3924,33.016
988.343,32.59,32.934,29.7691,34.1142,31.6838,33.7556,29.1827,32.59
1085.74,32.7876,33.0485,30.1046,34.4491,32.3395,34.1971,29.587,32.7876
1192.72,33.4479,33.5995,30.8931,35.2371,33.4137,35.0896,30.4444,33.4479
1310.26,34.1026,34.1231,31.6675,36.0108,34.4354,35.9656,31.2871,34.1026
1439.37,34.2,34.0718,31.8768,36.2195,34.8505,36.2742,31.5632,34.2
1581.21,33.3563,33.0662,31.1385,35.4807,34.2735,35.6327,30.8896,33.3563
1737.02,31.5823,31.1206,29.4645,33.8062,32.714,34.0528,29.2774,31.5823
1908.19,29.713,29.0736,27.6911,32.0323,31.0066,32.3706,27.5622,29.713
2096.23,29.1637,28.3435,27.2346,31.5752,30.5667,32.0024,27.1599,29.1637
2302.79,30.087,29.0858,28.2488,32.589,31.548,33.102,28.2236,30.087
2529.71,30.5021,29.3222,28.7542,33.0939,31.9714,33.6898,28.7735,30.5021
2778.99,28.8455,27.4916,27.1886,31.5278,30.2758,32.2035,27.2468,28.8455
3052.84,26.8439,25.3228,25.2799,29.6186,28.1907,30.3709,25.3714,26.8439
3353.67,27.5252,25.8456,26.0572,30.3954,28.7473,31.2213,26.1759,27.5252
3684.14,27.697,25.8692,26.3294,30.6671,28.7569,31.5635,26.4692,27.697
4047.18,25.2071,23.2431,23.9455,28.2826,26.0709,29.2464,24.1002,25.2071
4445.99,25.6791,23.5924,24.5306,28.8666,26.3168,29.895,24.6937,25.6791
4884.11,25.0124,22.8176,23.985,28.3195,25.3973,29.4097,24.1502,25.0124
5365.39,23.5122,21.2257,22.6156,26.9474,23.6211,28.0972,22.7766,23.5122
5894.1,23.7841,21.4233,23.0292,27.3561,23.5966,28.5641,23.1797,23.7841
6474.92,22.2591,19.8429,21.6582,25.9761,21.7571,27.2425,21.7923,22.2591
7112.96,21.5563,19.1049,21.1231,25.4241,20.7229,26.7523,21.2348,21.5563
7813.88,21.6509,19.1862,21.401,25.6701,20.4702,27.0696,21.4847,21.6509
8583.87,19.811,17.3565,19.7617,23.971,18.2668,25.4627,19.8118,19.811
9429.73,18.6291,16.2102,18.7995,22.8978,16.7036,24.5237,18.8109,18.6291
10358.9,18.0808,15.7251,18.4922,22.3882,15.7541,24.2269,18.46,18.0808
11379.7,17.3398,15.0775,18.0159,21.5542,14.5885,23.7429,17.9355,17.3398
12501.1,16.235,14.099,17.2018,20.1371,13.0314,22.8953,17.0693,16.235
13733,15.0287,13.0552,16.3149,18.3034,11.3406,21.9377,16.1268,15.0287
15086.2,14.641,12.8702,16.2779,16.9083,10.4322,21.7768,16.0315,14.641
16572.9,13.7672,12.243,15.7881,14.6527,8.99839,21.0895,15.4819,13.7672
18206,12.2398,11.0105,14.6793,11.4446,6.87062,19.6844,14.3136,12.2398
20000,10.9026,10.0208,13.7953,8.23264,4.89443,18.3786,13.3728,10.9026
