fc_Hz,trailing-edge (Amiet 1976) - Amiet WPS,trailing-edge (Amiet 1976) - Chase-Howe,trailing-edge (Amiet 1976) - Goody,trailing-edge (Amiet 1976) - Rozenberg,trailing-edge (Amiet 1976) - Kamruzzaman,trailing-edge (Amiet 1976) - Lee,trailing-edge (Amiet 1976) - VKI GEP
251.2,60.65,57.21,54.27,58.62,49.99,56.64,53.23
316.2,61.36,59.26,55.81,60.16,52.58,58.45,54.73
398.1,61.58,60.55,56.76,61.11,54.61,59.66,55.69
501.2,61.03,60.76,56.83,61.18,55.77,60.01,55.83
631.0,59.42,59.62,55.75,60.10,55.76,59.20,54.87
794.3,57.15,57.55,53.95,58.30,54.98,57.67,53.21
1000.0,56.43,56.75,53.63,57.98,55.60,57.64,53.06
1258.9,58.44,58.50,55.96,60.31,58.65,60.23,55.56
1584.9,58.71,58.44,56.49,60.83,59.60,60.98,56.23
1995.3,56.41,55.69,54.43,58.77,57.74,59.15,54.32
2511.9,57.55,56.39,55.80,60.14,59.01,60.73,55.81
3162.3,56.12,54.54,54.59,58.93,57.41,59.72,54.70
3981.1,55.91,53.99,54.63,58.96,56.82,59.91,54.78
5011.9,55.20,52.99,54.20,58.54,55.53,59.64,54.36
6309.6,54.40,52.01,53.75,58.07,54.01,59.32,53.89
7943.3,53.58,51.13,53.36,57.62,52.37,59.03,53.44
10000.0,51.95,49.57,52.27,56.22,49.79,58.00,52.25
12589.3,50.80,48.67,51.78,54.61,47.60,57.46,51.64
15848.9,49.71,48.07,51.54,51.37,45.25,56.93,51.27
