f_Hz,front: self noise (TE) - Goody - full,front: self noise (TE) - Goody - simplified,rear: self noise (TE) - Goody - full,rear: self noise (TE) - Goody - simplified,rear: rotor-wake interaction (LE) - von Karman - full,rear: rotor-wake interaction (LE) - von Karman - simplified,rear: rotor-wake interaction (LE) - Liepmann - full,rear: rotor-wake interaction (LE) - Liepmann - simplified
100,5.3201,7.21896,4.11254,6.19607,24.2947,25.6225,22.9056,24.2256
114.551,6.25169,7.75903,5.04309,6.72839,26.7523,26.5217,25.3541,25.1251
131.22,7.13739,8.30276,5.92554,7.2722,27.602,27.3967,26.2042,26.0005
150.315,9.09797,8.84244,8.14887,7.81907,28.4335,28.2475,27.0364,26.8517
172.188,9.35391,9.39183,8.4302,8.35819,29.2597,29.0743,27.8633,27.679
197.244,9.79861,9.94363,8.84333,8.91301,30.0958,29.8775,28.7,28.4828
225.946,10.3124,10.504,9.31374,9.46709,30.8577,30.6579,29.4627,29.264
258.825,11.1365,11.0727,10.1482,10.0313,31.5934,31.4165,30.1994,30.0235
296.487,11.6471,11.6458,10.6619,10.6058,32.3294,32.1544,30.9367,30.7626
339.631,12.2095,12.2241,11.1872,11.1894,33.0264,32.8728,31.6354,31.4826
389.052,12.8167,12.8036,11.8258,11.7795,33.7108,33.5729,32.322,32.1848
445.665,13.3613,13.3774,12.3545,12.3714,34.377,34.2557,32.991,32.8704
510.516,13.9026,13.9358,12.9304,12.9578,35.0289,34.9221,33.6467,33.5408
584.804,14.4152,14.4656,13.4754,13.5283,35.6636,35.5728,34.2869,34.1969
669.901,14.8924,14.9496,14.0029,14.0688,36.2881,36.2075,34.9189,34.8393
767.382,15.3002,15.3671,14.4903,14.5611,36.9572,36.8256,35.5995,35.468
879.047,15.6306,15.695,14.8932,14.9831,37.8714,37.9181,36.5318,36.5804
1006.96,15.8345,15.9124,15.2248,15.3098,38.9962,38.9272,37.6792,37.6118
1153.49,15.904,16.01,15.4227,15.5177,39.8126,39.776,38.5227,38.4882
1321.34,15.9114,16.0082,15.4859,15.5942,40.539,40.5118,39.2851,39.2599
1513.61,15.851,15.9774,15.4503,15.5571,41.2086,41.1799,40.0014,39.9747
1733.87,15.8496,16.027,15.3379,15.481,41.873,41.8427,40.7228,40.6944
1986.17,16.0287,16.2151,15.3368,15.4962,42.5813,42.5513,41.4978,41.4698
2275.19,16.2135,16.444,15.4775,15.694,43.3196,43.2876,42.3161,42.2871
2606.26,16.3293,16.5493,15.7935,15.9856,44.0626,44.031,43.1563,43.128
2985.51,16.3541,16.5732,16.0353,16.1623,44.7388,44.704,43.9509,43.9197
3419.95,16.5113,16.74,16.0271,16.192,45.2981,45.2616,44.6535,44.621
3917.61,16.6697,16.8855,16.1447,16.3069,45.7577,45.7285,45.2836,45.2582
4487.68,16.631,16.843,16.3095,16.4578,46.1103,46.0905,45.8324,45.8151
5140.7,16.7549,16.969,16.2875,16.4189,46.2858,46.2772,46.2226,46.2142
5888.75,16.7585,16.9756,16.379,16.5436,46.3056,46.3072,46.4647,46.4646
6745.65,16.9204,17.0941,16.4597,16.5761,46.1442,46.1427,46.5163,46.5131
7727.24,16.9244,17.0927,16.5211,16.6383,45.764,45.7518,46.3298,46.3183
8851.67,16.9236,17.0955,16.4854,16.594,45.139,45.1216,45.8703,45.8551
10139.7,16.9597,17.1092,16.4958,16.5788,44.3431,44.3309,45.1921,45.1812
11615.2,16.973,17.0891,16.47,16.5293,43.4077,43.3884,44.3219,44.3045
13305.4,16.8977,17.0359,16.3859,16.4229,42.2944,42.2867,43.2294,43.2205
15241.5,16.857,16.9589,16.2338,16.2727,41.2087,41.2012,42.0985,42.0902
17459.4,16.7294,16.8303,16.0478,16.0747,39.8883,39.8613,40.7267,40.7015
20000,16.5912,16.6784,15.818,15.834,38.5426,38.5432,39.3018,39.3012
