fc_Hz,front: BRTE (trailing edge) - Goody - full,front: BRTE (trailing edge) - Goody - simplified,rear: BRTE (trailing edge) - Goody - full,rear: BRTE (trailing edge) - Goody - simplified,rear: BRWI (rotor-wake interaction) - von Karman - full,rear: BRWI (rotor-wake interaction) - von Karman - simplified,rear: BRWI (rotor-wake interaction) - Liepmann - full,rear: BRWI (rotor-wake interaction) - Liepmann - simplified
125.9,21.68,22.81,20.50,21.78,42.03,41.82,40.63,40.43
158.5,24.77,24.73,23.82,23.70,44.45,44.26,43.05,42.87
199.5,26.52,26.67,25.56,25.63,46.84,46.63,45.44,45.23
251.2,28.60,28.62,27.61,27.58,49.12,48.93,47.72,47.54
316.2,30.59,30.60,29.59,29.56,51.34,51.18,49.95,49.79
398.1,32.57,32.57,31.57,31.56,53.50,53.37,52.11,51.98
501.2,34.50,34.53,33.52,33.55,55.62,55.51,54.23,54.13
631.0,36.35,36.40,35.44,35.50,57.69,57.60,56.32,56.23
794.3,38.04,38.10,37.25,37.33,59.91,59.86,58.56,58.51
1000.0,39.45,39.53,38.84,38.93,62.59,62.55,61.27,61.23
1258.9,40.55,40.65,40.10,40.21,64.96,64.93,63.70,63.67
1584.9,41.50,41.65,41.05,41.17,67.11,67.09,65.93,65.90
1995.3,42.69,42.89,42.02,42.19,69.30,69.27,68.22,68.20
2511.9,43.94,44.16,43.36,43.55,71.54,71.51,70.62,70.59
3162.3,45.08,45.30,44.67,44.82,73.64,73.61,72.93,72.89
3981.1,46.28,46.50,45.82,45.98,75.45,75.42,75.01,74.99
5011.9,47.37,47.58,46.95,47.09,76.88,76.87,76.79,76.78
6309.6,48.49,48.69,48.07,48.21,77.85,77.85,78.12,78.12
7943.3,49.57,49.74,49.15,49.26,78.24,78.23,78.84,78.83
10000.0,50.60,50.75,50.14,50.22,78.04,78.03,78.87,78.85
12589.3,51.57,51.70,51.06,51.11,77.39,77.38,78.31,78.30
15848.9,52.46,52.56,51.82,51.85,76.46,76.44,77.33,77.32
