curve,r_m,100,114.551,131.22,150.315,172.188,197.244,225.946,258.825,296.487,339.631,389.052,445.665,510.516,584.804,669.901,767.382,879.047,1006.96,1153.49,1321.34,1513.61,1733.87,1986.17,2275.19,2606.26,2985.51,3419.95,3917.61,4487.68,5140.7,5888.75,6745.65,7727.24,8851.67,10139.7,11615.2,13305.4,15241.5,17459.4,20000
front: self noise (TE) - Goody - full,0.11725,-10.28,-9.39,-8.45,-3.04,-3.37,-3.26,-2.97,-2.08,-1.75,-1.26,-0.57,0.05,0.53,1.03,1.54,2.34,2.93,3.38,4.00,4.33,4.70,4.74,4.81,4.71,4.35,4.34,4.71,5.03,5.21,4.99,4.79,4.92,4.80,4.43,4.23,3.72,3.19,2.42,1.43,0.23
front: self noise (TE) - Goody - full,0.14175,-8.84,-7.94,-6.97,-2.30,-2.64,-2.45,-2.09,-1.03,-0.76,-0.07,0.43,0.91,1.43,1.97,2.72,3.32,3.77,4.38,4.73,5.10,5.15,5.22,5.13,4.72,4.70,5.20,5.60,5.81,5.76,5.60,5.79,5.92,5.73,5.74,5.47,5.34,4.96,4.50,3.91,3.14
front: self noise (TE) - Goody - full,0.16625,-7.42,-6.51,-5.52,-1.56,-1.89,-1.62,-1.18,-0.03,0.29,0.92,1.32,1.86,2.40,2.98,3.69,4.17,4.75,5.12,5.29,5.57,5.65,5.28,5.12,5.04,5.26,5.99,6.30,6.35,6.19,6.38,6.66,6.55,6.70,6.57,6.59,6.42,6.23,6.01,5.64,5.17
front: self noise (TE) - Goody - full,0.19075,-6.05,-5.13,-4.13,-0.82,-1.14,-0.76,-0.29,0.96,1.19,1.83,2.26,2.85,3.39,4.05,4.55,4.99,5.49,5.73,6.00,6.07,5.78,5.58,5.44,5.59,6.01,6.68,6.82,6.44,6.82,7.06,6.99,7.19,7.24,7.32,7.26,7.30,7.21,7.11,6.87,6.59
front: self noise (TE) - Goody - full,0.21525,-4.75,-3.82,-2.81,-0.06,-0.35,0.11,0.61,1.68,2.01,2.50,3.20,3.81,4.39,4.89,5.35,5.84,6.13,6.40,6.35,6.28,6.08,5.90,5.97,6.36,7.01,7.02,6.88,6.99,7.48,7.25,7.42,7.63,7.75,7.78,7.85,7.98,7.95,7.88,7.73,7.61
front: self noise (TE) - Goody - full,0.23975,-3.52,-2.59,-1.57,0.72,0.46,0.95,1.53,2.45,2.85,3.40,4.09,4.77,5.19,5.68,6.17,6.48,6.77,6.79,6.75,6.58,6.38,6.40,6.75,7.16,7.43,7.04,7.08,7.68,7.47,7.57,7.89,7.99,8.14,8.27,8.36,8.43,8.37,8.46,8.39,8.33
front: self noise (TE) - Goody - full,0.26425,-3.10,-2.16,-1.14,-0.77,0.55,1.07,1.60,2.47,2.92,3.52,4.17,4.69,5.22,5.71,6.15,6.46,6.69,6.78,6.63,6.44,6.27,6.34,6.86,7.17,7.24,7.02,7.16,7.36,7.20,7.58,7.40,7.77,7.77,7.95,8.00,8.16,8.15,8.22,8.26,8.26
front: self noise (TE) - Goody - full,0.28875,-2.99,-2.05,-1.03,-0.66,0.36,0.86,1.45,1.85,2.72,3.35,3.94,4.39,4.98,5.48,5.89,6.23,6.43,6.51,6.46,6.32,6.22,6.33,6.64,7.00,6.96,6.70,6.82,7.09,6.84,7.17,7.02,7.28,7.17,7.21,7.47,7.54,7.58,7.73,7.76,7.83
front: self noise (TE) - Goody - full,0.31325,-3.02,-2.08,-1.53,-0.72,0.09,0.60,1.24,1.64,2.46,2.95,3.60,4.07,4.68,5.14,5.53,5.86,6.12,6.23,6.19,6.10,6.11,6.25,6.55,6.81,6.70,6.46,6.71,6.81,6.52,6.76,6.63,6.77,6.73,6.59,6.71,6.80,6.86,7.04,7.04,7.11
front: self noise (TE) - Goody - full,0.33775,-3.19,-2.25,-1.69,-0.95,-0.36,0.25,0.72,1.34,2.08,2.53,3.18,3.66,4.24,4.71,5.08,5.43,5.68,5.83,5.86,5.85,5.89,6.11,6.40,6.58,6.46,6.35,6.48,6.54,6.28,6.49,6.19,6.30,6.20,6.05,6.10,6.04,6.10,6.06,6.19,6.19
front: self noise (TE) - Goody - simplified,0.11725,-6.42,-5.91,-5.40,-4.88,-4.34,-3.79,-3.23,-2.64,-2.04,-1.42,-0.78,-0.13,0.54,1.20,1.86,2.50,3.10,3.66,4.14,4.53,4.79,4.91,4.88,4.73,4.56,4.55,4.78,5.10,5.19,4.96,4.80,4.90,4.70,4.36,4.12,3.59,3.03,2.26,1.23,0.01
front: self noise (TE) - Goody - simplified,0.14175,-5.38,-4.87,-4.36,-3.83,-3.29,-2.74,-2.18,-1.59,-0.99,-0.37,0.26,0.90,1.55,2.20,2.83,3.44,4.00,4.50,4.91,5.20,5.34,5.34,5.20,5.04,5.04,5.32,5.74,5.96,5.82,5.68,5.90,5.91,5.72,5.71,5.44,5.25,4.87,4.38,3.76,2.97
front: self noise (TE) - Goody - simplified,0.16625,-4.37,-3.85,-3.33,-2.80,-2.26,-1.71,-1.14,-0.56,0.04,0.65,1.27,1.90,2.54,3.16,3.77,4.33,4.84,5.26,5.57,5.74,5.75,5.63,5.45,5.42,5.70,6.18,6.51,6.46,6.31,6.55,6.71,6.59,6.74,6.58,6.60,6.42,6.19,5.93,5.55,5.05
front: self noise (TE) - Goody - simplified,0.19075,-3.39,-2.87,-2.34,-1.81,-1.26,-0.71,-0.14,0.44,1.03,1.64,2.25,2.87,3.48,4.08,4.64,5.15,5.59,5.92,6.11,6.15,6.04,5.84,5.76,5.98,6.48,6.90,6.94,6.78,6.99,7.25,7.15,7.39,7.34,7.44,7.36,7.32,7.23,7.08,6.84,6.53
front: self noise (TE) - Goody - simplified,0.21525,-2.44,-1.91,-1.38,-0.85,-0.30,0.25,0.82,1.40,1.99,2.59,3.19,3.79,4.37,4.93,5.45,5.89,6.24,6.46,6.53,6.44,6.24,6.11,6.25,6.72,7.19,7.30,7.13,7.29,7.63,7.54,7.76,7.83,7.97,7.93,8.02,8.05,8.01,7.93,7.78,7.62
front: self noise (TE) - Goody - simplified,0.23975,-1.53,-1.00,-0.47,0.08,0.62,1.18,1.75,2.32,2.90,3.49,4.08,4.65,5.21,5.72,6.17,6.54,6.78,6.88,6.83,6.65,6.49,6.57,6.98,7.45,7.61,7.43,7.53,7.91,7.83,7.98,8.13,8.25,8.29,8.44,8.52,8.56,8.56,8.53,8.48,8.37
front: self noise (TE) - Goody - simplified,0.26425,-1.45,-0.85,-0.31,0.22,0.77,1.32,1.88,2.44,3.01,3.58,4.15,4.71,5.24,5.73,6.16,6.50,6.72,6.79,6.72,6.56,6.45,6.60,7.02,7.40,7.41,7.22,7.43,7.71,7.55,7.81,7.79,8.03,8.03,8.13,8.25,8.33,8.38,8.42,8.45,8.43
front: self noise (TE) - Goody - simplified,0.28875,-1.66,-1.11,-0.48,0.09,0.63,1.17,1.72,2.27,2.83,3.39,3.94,4.48,5.00,5.48,5.90,6.23,6.45,6.54,6.49,6.37,6.31,6.47,6.85,7.16,7.11,6.92,7.14,7.34,7.15,7.41,7.30,7.52,7.51,7.58,7.68,7.76,7.85,7.95,7.98,8.04
front: self noise (TE) - Goody - simplified,0.31325,-1.85,-1.32,-0.78,-0.24,0.36,0.92,1.47,2.01,2.56,3.11,3.65,4.18,4.68,5.15,5.56,5.89,6.12,6.22,6.21,6.15,6.14,6.33,6.68,6.92,6.82,6.66,6.88,6.98,6.78,7.00,6.83,6.98,6.96,6.95,7.01,7.07,7.15,7.26,7.28,7.36
front: self noise (TE) - Goody - simplified,0.33775,-2.19,-1.64,-1.10,-0.57,-0.03,0.51,1.08,1.65,2.19,2.72,3.25,3.77,4.27,4.72,5.13,5.46,5.70,5.83,5.87,5.87,5.93,6.15,6.46,6.65,6.54,6.43,6.63,6.63,6.47,6.61,6.42,6.47,6.44,6.35,6.32,6.33,6.38,6.40,6.44,6.47
rear: self noise (TE) - Goody - full,0.1155,-10.11,-9.22,-8.28,-2.97,-3.29,-3.16,-2.86,-1.99,-1.70,-1.20,-0.50,0.12,0.61,1.09,1.61,2.41,3.02,3.48,4.12,4.47,4.86,4.93,5.02,4.94,4.80,4.75,4.94,5.25,5.45,5.27,5.03,5.08,4.93,4.48,4.16,3.51,2.79,1.76,0.52,-0.86
rear: self noise (TE) - Goody - full,0.1365,-9.06,-8.15,-7.19,-2.49,-2.82,-2.63,-2.27,-1.30,-1.01,-0.33,0.21,0.67,1.18,1.71,2.46,3.09,3.57,4.19,4.59,4.99,5.11,5.23,5.18,4.83,4.77,5.13,5.52,5.90,5.84,5.62,5.74,5.88,5.63,5.54,5.25,4.95,4.40,3.79,2.93,1.85
rear: self noise (TE) - Goody - full,0.1575,-8.00,-7.09,-6.10,-2.01,-2.33,-2.07,-1.67,-0.59,-0.26,0.40,0.79,1.31,1.84,2.41,3.17,3.67,4.11,4.71,4.96,5.31,5.46,5.24,5.12,4.98,5.06,5.64,6.06,6.27,6.10,6.09,6.35,6.32,6.33,6.28,6.13,5.94,5.66,5.25,4.67,3.94
rear: self noise (TE) - Goody - full,0.1785,-6.95,-6.03,-5.03,-1.50,-1.82,-1.48,-1.07,0.13,0.44,0.83,1.44,2.00,2.55,3.26,3.77,4.25,4.83,5.14,5.50,5.52,5.57,5.44,5.25,5.22,5.50,6.17,6.42,6.38,6.27,6.64,6.71,6.64,6.90,6.76,6.82,6.73,6.52,6.28,5.92,5.46
rear: self noise (TE) - Goody - full,0.1995,-5.94,-5.02,-4.00,-0.98,-1.29,-0.89,-0.43,0.69,1.00,1.45,2.12,2.71,3.33,3.87,4.37,4.93,5.30,5.68,5.80,5.88,5.78,5.57,5.44,5.60,6.05,6.61,6.54,6.37,6.72,6.94,6.84,7.18,7.19,7.28,7.26,7.22,7.18,7.06,6.84,6.53
rear: self noise (TE) - Goody - full,0.2205,-4.97,-4.04,-3.02,-0.44,-0.72,-0.29,0.23,1.24,1.59,2.10,2.78,3.33,3.96,4.47,4.95,5.43,5.75,6.03,6.15,5.98,5.79,5.58,5.58,5.90,6.58,6.85,6.70,6.72,7.04,7.04,7.10,7.36,7.39,7.47,7.64,7.71,7.66,7.59,7.49,7.29
rear: self noise (TE) - Goody - full,0.2415,-4.69,-3.76,-2.73,-2.37,-0.80,-0.35,0.21,1.12,1.52,2.07,2.74,3.32,3.86,4.38,4.91,5.31,5.69,5.87,5.97,5.91,5.72,5.53,5.55,5.86,6.42,6.58,6.36,6.40,6.85,6.73,6.80,7.08,7.13,7.25,7.40,7.49,7.53,7.52,7.51,7.45
rear: self noise (TE) - Goody - full,0.2625,-4.50,-3.56,-2.53,-2.18,-0.93,-0.40,0.11,0.48,1.41,2.00,2.65,3.14,3.73,4.26,4.75,5.16,5.50,5.74,5.77,5.70,5.51,5.33,5.51,5.82,6.26,6.31,6.04,6.25,6.44,6.39,6.62,6.59,6.78,6.82,6.89,7.08,7.19,7.24,7.24,7.28
rear: self noise (TE) - Goody - full,0.2835,-4.39,-3.45,-2.91,-2.07,-1.07,-0.57,0.01,0.39,1.28,1.76,2.48,2.95,3.55,4.09,4.55,4.96,5.29,5.51,5.60,5.55,5.41,5.28,5.36,5.76,6.10,6.06,5.76,5.98,6.20,6.05,6.27,6.22,6.37,6.32,6.41,6.52,6.68,6.69,6.76,6.84
rear: self noise (TE) - Goody - full,0.3045,-4.38,-3.44,-2.89,-2.11,-1.42,-0.77,-0.33,0.26,1.08,1.57,2.23,2.71,3.33,3.84,4.27,4.69,5.03,5.25,5.35,5.32,5.21,5.20,5.32,5.68,5.94,5.82,5.65,5.74,5.96,5.74,5.93,5.74,5.95,5.80,5.88,6.00,6.07,6.11,6.23,6.27
rear: self noise (TE) - Goody - simplified,0.1155,-6.36,-5.85,-5.33,-4.81,-4.28,-3.73,-3.17,-2.58,-1.98,-1.36,-0.72,-0.07,0.59,1.26,1.93,2.57,3.19,3.76,4.26,4.66,4.95,5.10,5.09,4.96,4.80,4.78,4.99,5.30,5.41,5.20,4.99,5.03,4.81,4.37,4.03,3.35,2.61,1.58,0.31,-1.05
rear: self noise (TE) - Goody - simplified,0.1365,-5.64,-5.12,-4.61,-4.08,-3.55,-3.00,-2.44,-1.86,-1.26,-0.64,-0.01,0.63,1.28,1.94,2.58,3.20,3.79,4.31,4.75,5.08,5.28,5.32,5.23,5.07,5.02,5.23,5.62,5.91,5.84,5.64,5.76,5.84,5.58,5.49,5.15,4.84,4.27,3.62,2.75,1.65
rear: self noise (TE) - Goody - simplified,0.1575,-4.91,-4.40,-3.88,-3.35,-2.82,-2.27,-1.70,-1.13,-0.53,0.08,0.70,1.34,1.97,2.61,3.23,3.82,4.36,4.83,5.20,5.45,5.54,5.48,5.33,5.22,5.35,5.76,6.19,6.30,6.12,6.16,6.43,6.33,6.32,6.25,6.10,5.86,5.57,5.14,4.54,3.79
rear: self noise (TE) - Goody - simplified,0.1785,-4.20,-3.68,-3.16,-2.63,-2.09,-1.54,-0.98,-0.40,0.19,0.79,1.41,2.03,2.65,3.27,3.86,4.41,4.90,5.31,5.60,5.74,5.73,5.59,5.42,5.45,5.80,6.31,6.59,6.49,6.42,6.73,6.82,6.77,6.94,6.80,6.81,6.70,6.48,6.21,5.83,5.34
rear: self noise (TE) - Goody - simplified,0.1995,-3.50,-2.98,-2.45,-1.92,-1.38,-0.83,-0.27,0.31,0.89,1.49,2.10,2.71,3.31,3.90,4.46,4.97,5.40,5.73,5.93,5.97,5.86,5.68,5.59,5.82,6.32,6.75,6.78,6.63,6.86,7.12,7.03,7.28,7.25,7.36,7.29,7.26,7.18,7.03,6.79,6.47
rear: self noise (TE) - Goody - simplified,0.2205,-2.81,-2.29,-1.76,-1.23,-0.68,-0.13,0.43,1.00,1.58,2.17,2.77,3.36,3.95,4.51,5.03,5.48,5.85,6.10,6.20,6.14,5.97,5.81,5.90,6.32,6.81,6.99,6.83,6.92,7.29,7.24,7.38,7.53,7.62,7.63,7.73,7.76,7.71,7.64,7.49,7.28
rear: self noise (TE) - Goody - simplified,0.2415,-2.80,-2.27,-1.74,-1.21,-0.67,-0.13,0.43,0.99,1.56,2.14,2.72,3.30,3.86,4.41,4.91,5.35,5.71,5.94,6.03,5.97,5.79,5.65,5.76,6.17,6.62,6.73,6.55,6.68,7.04,6.93,7.12,7.21,7.37,7.38,7.50,7.59,7.62,7.60,7.54,7.47
rear: self noise (TE) - Goody - simplified,0.2625,-3.04,-2.44,-1.78,-1.25,-0.72,-0.18,0.37,0.93,1.49,2.05,2.62,3.19,3.74,4.27,4.76,5.19,5.53,5.76,5.84,5.78,5.62,5.51,5.64,6.03,6.42,6.46,6.26,6.44,6.74,6.58,6.81,6.81,7.02,7.01,7.13,7.24,7.31,7.33,7.35,7.36
rear: self noise (TE) - Goody - simplified,0.2835,-3.10,-2.57,-2.02,-1.35,-0.82,-0.28,0.26,0.81,1.36,1.92,2.47,3.02,3.56,4.08,4.56,4.98,5.31,5.53,5.62,5.58,5.45,5.38,5.53,5.90,6.22,6.19,5.99,6.20,6.42,6.23,6.47,6.38,6.60,6.58,6.66,6.76,6.84,6.90,6.97,7.01
rear: self noise (TE) - Goody - simplified,0.3045,-3.23,-2.69,-2.17,-1.63,-1.08,-0.45,0.09,0.63,1.17,1.72,2.27,2.81,3.34,3.84,4.31,4.71,5.04,5.27,5.37,5.35,5.27,5.25,5.42,5.77,6.02,5.94,5.76,5.98,6.10,5.91,6.13,5.97,6.14,6.11,6.12,6.20,6.26,6.33,6.44,6.46
rear: rotor-wake interaction (LE) - von Karman - full,0.1155,1.20,6.33,7.12,7.88,8.62,9.37,10.07,10.74,11.40,12.05,12.69,13.32,13.95,14.58,15.21,15.84,16.47,17.11,17.82,19.46,20.32,21.10,21.99,22.64,23.26,23.80,24.32,24.82,25.28,25.67,25.99,26.17,25.82,24.90,23.87,22.72,20.75,19.32,17.97,17.08
rear: rotor-wake interaction (LE) - von Karman - full,0.1365,4.22,8.89,9.69,10.46,11.22,11.99,12.70,13.38,14.05,14.71,15.36,15.99,16.63,17.26,17.88,18.50,19.13,19.76,20.94,22.21,22.98,23.72,24.54,25.18,25.78,26.35,26.92,27.45,27.89,28.26,28.60,28.74,28.36,27.54,26.61,25.51,23.56,22.00,19.98,18.76
rear: rotor-wake interaction (LE) - von Karman - full,0.1575,6.91,11.13,11.94,12.73,13.50,14.29,15.01,15.70,16.38,17.05,17.70,18.34,18.97,19.60,20.22,20.84,21.46,22.22,23.47,24.57,25.31,26.02,26.78,27.42,28.03,28.64,29.24,29.76,30.16,30.53,30.86,30.92,30.57,29.79,28.93,27.89,26.10,24.62,22.44,20.88
rear: rotor-wake interaction (LE) - von Karman - full,0.1785,9.37,13.16,13.97,14.76,15.55,16.35,17.08,17.78,18.48,19.14,19.80,20.44,21.08,21.70,22.32,22.94,23.57,24.40,25.93,26.67,27.38,28.07,28.79,29.43,30.07,30.72,31.33,31.81,32.20,32.57,32.83,32.85,32.50,31.73,30.92,29.95,28.31,26.95,24.88,23.23
rear: rotor-wake interaction (LE) - von Karman - full,0.1995,11.63,15.02,15.84,16.63,17.43,18.24,18.98,19.68,20.38,21.06,21.71,22.36,22.99,23.61,24.23,24.83,25.64,26.89,27.83,28.56,29.24,29.90,30.61,31.28,31.96,32.64,33.21,33.67,34.06,34.41,34.59,34.59,34.21,33.46,32.66,31.74,30.24,28.99,27.09,25.50
rear: rotor-wake interaction (LE) - von Karman - full,0.2205,13.73,16.76,17.57,18.37,19.17,19.99,20.73,21.44,22.15,22.82,23.48,24.12,24.75,25.37,25.98,26.61,27.48,28.87,29.60,30.29,30.94,31.59,32.30,33.01,33.72,34.39,34.93,35.38,35.79,36.06,36.21,36.16,35.76,35.01,34.21,33.35,31.94,30.77,29.05,27.56
rear: rotor-wake interaction (LE) - von Karman - full,0.2415,15.20,17.86,18.70,19.51,20.33,21.16,21.92,22.64,23.37,24.05,24.73,25.38,26.02,26.65,27.26,27.93,28.85,30.07,30.86,31.54,32.20,32.85,33.55,34.30,35.04,35.72,36.27,36.72,37.09,37.30,37.36,37.28,36.95,36.26,35.36,34.57,33.50,32.10,31.00,29.22
rear: rotor-wake interaction (LE) - von Karman - full,0.2625,16.53,18.86,19.72,20.55,21.38,22.23,22.99,23.73,24.47,25.17,25.85,26.52,27.17,27.81,28.43,29.14,30.13,31.23,32.00,32.69,33.34,34.00,34.69,35.46,36.22,36.90,37.46,37.92,38.26,38.41,38.40,38.24,37.92,37.33,36.44,35.50,34.70,33.41,32.24,30.92
rear: rotor-wake interaction (LE) - von Karman - full,0.2835,17.73,19.78,20.65,21.50,22.34,23.19,23.97,24.72,25.47,26.18,26.88,27.55,28.21,28.85,29.49,30.20,31.27,32.25,32.98,33.70,34.37,35.03,35.73,36.49,37.27,37.95,38.51,38.97,39.30,39.41,39.34,39.09,38.72,38.19,37.42,36.39,35.50,34.63,33.23,32.28
rear: rotor-wake interaction (LE) - von Karman - full,0.3045,18.80,20.62,21.50,22.36,23.21,24.07,24.85,25.61,26.38,27.09,27.80,28.49,29.15,29.80,30.43,31.09,31.95,33.15,33.93,34.63,35.29,35.96,36.67,37.43,38.20,38.89,39.44,39.90,40.22,40.30,40.19,39.86,39.41,38.87,38.21,37.28,36.20,35.40,34.39,33.02
rear: rotor-wake interaction (LE) - von Karman - simplified,0.1155,4.78,5.66,6.50,7.33,8.13,8.90,9.66,10.39,11.11,11.81,12.50,13.17,13.84,14.49,15.14,15.79,16.44,17.08,17.73,19.39,20.31,21.07,21.95,22.59,23.16,23.69,24.22,24.74,25.22,25.63,25.97,26.10,25.70,24.80,23.86,22.63,20.67,19.39,17.91,17.14
rear: rotor-wake interaction (LE) - von Karman - simplified,0.1365,7.42,8.29,9.15,9.97,10.78,11.56,12.32,13.06,13.78,14.48,15.17,15.84,16.51,17.16,17.81,18.45,19.09,19.72,20.61,22.18,22.96,23.69,24.50,25.12,25.70,26.28,26.85,27.39,27.84,28.24,28.58,28.68,28.27,27.48,26.60,25.41,23.50,22.01,19.92,18.78
rear: rotor-wake interaction (LE) - von Karman - simplified,0.1575,9.74,10.62,11.47,12.30,13.11,13.89,14.65,15.40,16.12,16.82,17.51,18.19,18.85,19.50,20.15,20.78,21.41,22.04,23.58,24.55,25.28,25.98,26.74,27.36,27.96,28.58,29.18,29.70,30.13,30.52,30.84,30.88,30.50,29.74,28.93,27.80,26.05,24.61,22.38,20.85
rear: rotor-wake interaction (LE) - von Karman - simplified,0.1785,11.83,12.71,13.57,14.40,15.21,15.99,16.76,17.50,18.22,18.93,19.62,20.29,20.95,21.60,22.24,22.87,23.49,24.50,25.84,26.65,27.35,28.02,28.74,29.37,30.02,30.67,31.27,31.76,32.18,32.57,32.83,32.82,32.44,31.70,30.92,29.88,28.27,26.94,24.82,23.19
rear: rotor-wake interaction (LE) - von Karman - simplified,0.1995,13.75,14.63,15.49,16.32,17.13,17.91,18.68,19.42,20.14,20.85,21.53,22.21,22.87,23.51,24.14,24.77,25.38,26.85,27.80,28.53,29.21,29.86,30.57,31.23,31.92,32.59,33.16,33.63,34.05,34.41,34.59,34.57,34.16,33.44,32.67,31.69,30.21,28.98,27.04,25.46
rear: rotor-wake interaction (LE) - von Karman - simplified,0.2205,15.54,16.41,17.27,18.10,18.91,19.69,20.45,21.19,21.91,22.62,23.30,23.97,24.63,25.27,25.89,26.50,27.65,28.77,29.57,30.25,30.90,31.55,32.26,32.96,33.68,34.34,34.89,35.36,35.78,36.07,36.21,36.14,35.72,34.99,34.23,33.30,31.92,30.77,28.99,27.53
rear: rotor-wake interaction (LE) - von Karman - simplified,0.2415,16.71,17.60,18.46,19.30,20.12,20.92,21.69,22.44,23.17,23.88,24.57,25.25,25.91,26.55,27.18,27.79,28.95,30.01,30.82,31.52,32.17,32.82,33.52,34.26,35.00,35.67,36.23,36.69,37.08,37.30,37.38,37.28,36.92,36.23,35.37,34.57,33.44,32.13,30.94,29.26
rear: rotor-wake interaction (LE) - von Karman - simplified,0.2625,17.77,18.67,19.54,20.39,21.22,22.02,22.80,23.56,24.30,25.02,25.72,26.40,27.06,27.71,28.34,28.96,30.13,31.14,31.95,32.65,33.31,33.97,34.66,35.43,36.18,36.86,37.42,37.89,38.24,38.40,38.41,38.25,37.91,37.30,36.42,35.52,34.68,33.37,32.28,30.85
rear: rotor-wake interaction (LE) - von Karman - simplified,0.2835,18.73,19.63,20.52,21.38,22.21,23.03,23.81,24.58,25.33,26.05,26.76,27.44,28.11,28.77,29.40,30.02,31.20,32.16,32.97,33.68,34.34,35.00,35.71,36.47,37.25,37.92,38.48,38.94,39.28,39.40,39.34,39.10,38.73,38.18,37.38,36.39,35.53,34.59,33.23,32.28
rear: rotor-wake interaction (LE) - von Karman - simplified,0.3045,19.59,20.51,21.40,22.27,23.12,23.93,24.73,25.50,26.26,26.99,27.70,28.39,29.07,29.72,30.36,30.98,32.16,33.10,33.89,34.60,35.27,35.94,36.65,37.41,38.18,38.87,39.42,39.88,40.20,40.28,40.18,39.87,39.43,38.88,38.19,37.25,36.22,35.43,34.34,33.06
rear: rotor-wake interaction (LE) - Liepmann - full,0.1155,-0.52,4.61,5.40,6.16,6.91,7.66,8.35,9.02,9.68,10.33,10.98,11.62,12.25,12.89,13.52,14.16,14.80,15.46,16.19,17.86,18.76,19.58,20.52,21.23,21.92,22.55,23.18,23.82,24.44,24.99,25.49,25.86,25.74,25.09,24.28,23.29,21.51,20.19,18.93,18.08
rear: rotor-wake interaction (LE) - Liepmann - full,0.1365,2.59,7.26,8.06,8.84,9.60,10.37,11.08,11.76,12.44,13.09,13.74,14.38,15.02,15.66,16.29,16.92,17.56,18.21,19.41,20.71,21.52,22.31,23.18,23.88,24.56,25.23,25.92,26.59,27.20,27.74,28.26,28.60,28.46,27.90,27.17,26.21,24.43,22.92,20.96,19.73
rear: rotor-wake interaction (LE) - Liepmann - full,0.1575,5.36,9.58,10.39,11.17,11.95,12.74,13.46,14.15,14.84,15.50,16.16,16.80,17.44,18.07,18.70,19.33,19.96,20.74,22.01,23.15,23.92,24.68,25.49,26.20,26.90,27.61,28.34,29.01,29.58,30.13,30.65,30.92,30.80,30.27,29.60,28.67,27.02,25.56,23.42,21.82
rear: rotor-wake interaction (LE) - Liepmann - full,0.1785,7.87,11.66,12.47,13.27,14.05,14.86,15.59,16.28,16.98,17.65,18.31,18.96,19.59,20.22,20.85,21.48,22.12,22.98,24.53,25.30,26.05,26.79,27.57,28.28,29.01,29.77,30.51,31.14,31.70,32.27,32.73,32.95,32.84,32.30,31.66,30.79,29.26,27.90,25.84,24.14
rear: rotor-wake interaction (LE) - Liepmann - full,0.1995,10.17,13.56,14.38,15.18,15.97,16.79,17.52,18.22,18.93,19.60,20.26,20.91,21.55,22.18,22.80,23.41,24.24,25.51,26.47,27.23,27.95,28.67,29.44,30.18,30.96,31.74,32.45,33.07,33.65,34.19,34.58,34.78,34.63,34.11,33.45,32.62,31.20,29.93,28.03,26.38
rear: rotor-wake interaction (LE) - Liepmann - full,0.2205,12.30,15.33,16.15,16.95,17.75,18.57,19.30,20.01,20.72,21.40,22.06,22.70,23.34,23.96,24.58,25.22,26.10,27.52,28.27,29.00,29.69,30.40,31.16,31.95,32.76,33.54,34.23,34.84,35.44,35.92,36.27,36.43,36.24,35.71,35.05,34.24,32.91,31.70,29.96,28.40
rear: rotor-wake interaction (LE) - Liepmann - full,0.2415,13.80,16.46,17.29,18.11,18.93,19.77,20.52,21.24,21.97,22.66,23.33,23.99,24.64,25.27,25.89,26.57,27.51,28.75,29.56,30.28,30.98,31.69,32.45,33.29,34.11,34.91,35.61,36.23,36.79,37.21,37.50,37.63,37.49,36.99,36.25,35.48,34.43,33.04,31.86,30.02
rear: rotor-wake interaction (LE) - Liepmann - full,0.2625,15.15,17.48,18.34,19.17,20.00,20.85,21.61,22.35,23.09,23.79,24.48,25.15,25.81,26.44,27.08,27.80,28.80,29.93,30.73,31.45,32.15,32.87,33.62,34.47,35.33,36.13,36.83,37.46,38.01,38.38,38.60,38.66,38.51,38.08,37.33,36.45,35.61,34.32,33.08,31.68
rear: rotor-wake interaction (LE) - Liepmann - full,0.2835,16.36,18.42,19.29,20.14,20.98,21.83,22.60,23.36,24.11,24.82,25.52,26.20,26.86,27.51,28.15,28.87,29.96,30.96,31.72,32.48,33.20,33.92,34.69,35.53,36.41,37.21,37.92,38.55,39.09,39.42,39.59,39.57,39.37,38.97,38.30,37.35,36.43,35.49,34.05,32.99
rear: rotor-wake interaction (LE) - Liepmann - full,0.3045,17.45,19.27,20.15,21.01,21.87,22.72,23.50,24.27,25.03,25.75,26.46,27.14,27.82,28.47,29.11,29.78,30.66,31.88,32.69,33.43,34.14,34.87,35.66,36.50,37.37,38.18,38.89,39.52,40.04,40.35,40.48,40.39,40.12,39.69,39.08,38.21,37.15,36.25,35.16,33.71
rear: rotor-wake interaction (LE) - Liepmann - simplified,0.1155,3.07,3.94,4.79,5.61,6.41,7.19,7.94,8.68,9.40,10.10,10.79,11.47,12.13,12.80,13.45,14.11,14.77,15.43,16.10,17.79,18.75,19.55,20.48,21.18,21.82,22.45,23.09,23.74,24.37,24.95,25.46,25.79,25.62,24.99,24.25,23.19,21.44,20.25,18.88,18.14
rear: rotor-wake interaction (LE) - Liepmann - simplified,0.1365,5.79,6.67,7.52,8.35,9.16,9.94,10.70,11.44,12.16,12.86,13.55,14.23,14.90,15.56,16.22,16.87,17.52,18.17,19.08,20.68,21.50,22.28,23.14,23.82,24.49,25.16,25.85,26.53,27.14,27.71,28.24,28.54,28.38,27.84,27.15,26.11,24.37,22.93,20.91,19.76
rear: rotor-wake interaction (LE) - Liepmann - simplified,0.1575,8.18,9.06,9.92,10.75,11.56,12.34,13.10,13.85,14.57,15.28,15.97,16.65,17.32,17.97,18.63,19.27,19.91,20.56,22.13,23.12,23.90,24.64,25.46,26.14,26.84,27.56,28.28,28.95,29.54,30.12,30.63,30.87,30.73,30.22,29.59,28.59,26.98,25.54,23.36,21.80
rear: rotor-wake interaction (LE) - Liepmann - simplified,0.1785,10.33,11.21,12.07,12.90,13.71,14.49,15.26,16.00,16.73,17.43,18.13,18.80,19.47,20.13,20.77,21.41,22.05,23.07,24.44,25.28,26.02,26.74,27.52,28.23,28.96,29.72,30.45,31.10,31.68,32.26,32.72,32.92,32.78,32.27,31.66,30.72,29.23,27.88,25.79,24.10
rear: rotor-wake interaction (LE) - Liepmann - simplified,0.1995,12.29,13.17,14.03,14.86,15.67,16.45,17.22,17.96,18.69,19.39,20.08,20.76,21.42,22.07,22.72,23.35,23.97,25.47,26.45,27.21,27.93,28.63,29.40,30.13,30.91,31.69,32.41,33.03,33.63,34.18,34.57,34.76,34.58,34.09,33.46,32.57,31.18,29.91,27.97,26.34
rear: rotor-wake interaction (LE) - Liepmann - simplified,0.2205,14.11,14.99,15.84,16.67,17.48,18.27,19.03,19.77,20.49,21.20,21.88,22.56,23.22,23.86,24.49,25.12,26.28,27.42,28.24,28.96,29.66,30.36,31.13,31.91,32.72,33.50,34.18,34.82,35.43,35.92,36.27,36.41,36.21,35.70,35.06,34.20,32.89,31.70,29.90,28.37
rear: rotor-wake interaction (LE) - Liepmann - simplified,0.2415,15.31,16.20,17.06,17.90,18.72,19.52,20.29,21.04,21.77,22.48,23.18,23.86,24.52,25.17,25.81,26.43,27.61,28.68,29.52,30.26,30.96,31.66,32.42,33.25,34.08,34.87,35.57,36.20,36.78,37.21,37.51,37.62,37.47,36.97,36.25,35.48,34.38,33.06,31.80,30.06
rear: rotor-wake interaction (LE) - Liepmann - simplified,0.2625,16.39,17.29,18.16,19.01,19.84,20.64,21.42,22.18,22.92,23.64,24.34,25.03,25.70,26.35,26.99,27.62,28.81,29.84,30.68,31.42,32.12,32.84,33.60,34.44,35.30,36.10,36.80,37.43,37.99,38.37,38.61,38.66,38.51,38.06,37.31,36.47,35.59,34.29,33.11,31.61
rear: rotor-wake interaction (LE) - Liepmann - simplified,0.2835,17.36,18.27,19.16,20.02,20.85,21.66,22.45,23.22,23.97,24.69,25.40,26.09,26.76,27.42,28.07,28.69,29.89,30.87,31.72,32.46,33.17,33.90,34.67,35.51,36.39,37.19,37.89,38.53,39.07,39.41,39.59,39.58,39.38,38.96,38.27,37.35,36.46,35.45,34.06,32.99
rear: rotor-wake interaction (LE) - Liepmann - simplified,0.3045,18.25,19.16,20.05,20.92,21.77,22.59,23.38,24.16,24.91,25.64,26.36,27.05,27.73,28.39,29.04,29.67,30.87,31.83,32.65,33.40,34.12,34.85,35.63,36.48,37.36,38.17,38.86,39.50,40.02,40.34,40.48,40.39,40.13,39.69,39.07,38.18,37.16,36.27,35.11,33.76
