fc_Hz,"front: BRTE (trailing edge) - Rozenberg (2010, thesis) - full","front: BRTE (trailing edge) - Rozenberg (2010, thesis) - thesis eq. 3.18",front: BRTE (trailing edge) - Goody - full,front: BRTE (trailing edge) - Goody - thesis eq. 3.18,"rear: BRTE (trailing edge) - Rozenberg (2010, thesis) - full","rear: BRTE (trailing edge) - Rozenberg (2010, thesis) - thesis eq. 3.18",rear: BRTE (trailing edge) - Goody - full,rear: BRTE (trailing edge) - Goody - thesis eq. 3.18,rear: BRWI (rotor-wake interaction) - von Karman - full,rear: BRWI (rotor-wake interaction) - von Karman - thesis eq. 2.73
25.1,27.42,25.92,20.77,19.23,27.66,26.06,21.00,19.37,37.91,15.11
31.6,29.25,28.52,22.72,21.94,29.22,28.71,22.72,22.14,40.22,18.12
39.8,31.12,30.99,24.74,24.54,31.31,31.24,24.91,24.80,42.41,21.15
50.1,33.01,33.34,26.79,27.04,33.23,33.63,26.98,27.33,44.54,24.17
63.1,34.88,35.57,28.84,29.43,35.02,35.89,28.95,29.75,46.63,27.19
79.4,36.74,37.66,30.90,31.71,36.86,38.01,30.99,32.05,48.68,30.21
100.0,38.56,39.59,32.93,33.84,38.67,39.95,33.01,34.18,50.73,33.21
125.9,40.23,41.33,34.82,35.79,40.36,41.67,34.91,36.12,53.21,36.24
158.5,41.63,42.80,36.44,37.49,41.78,43.10,36.54,37.77,55.55,39.19
199.5,42.69,43.89,37.71,38.82,42.92,44.13,37.88,39.02,57.68,42.01
251.2,43.63,44.48,38.85,39.66,43.97,44.63,39.12,39.75,59.68,44.74
316.2,44.83,44.57,40.27,39.98,45.31,44.66,40.68,40.00,61.61,47.28
398.1,46.17,44.65,41.85,40.28,46.75,44.89,42.36,40.46,63.46,49.61
501.2,47.34,45.44,43.25,41.32,47.97,45.92,43.80,41.77,65.22,52.15
631.0,48.44,46.33,44.58,42.49,49.09,46.80,45.16,42.92,67.00,54.91
794.3,49.53,46.68,45.91,43.09,50.14,47.10,46.45,43.47,68.72,57.53
1000.0,50.47,46.90,47.09,43.56,50.98,47.35,47.51,43.96,70.05,60.06
1258.9,51.27,47.20,48.11,44.11,51.56,47.64,48.31,44.51,70.80,62.45
1584.9,51.90,47.33,48.95,44.47,51.89,47.85,48.84,44.96,70.95,64.43
1995.3,52.32,47.33,49.56,44.69,51.98,47.84,49.11,45.17,70.48,65.96
2511.9,52.54,47.28,49.96,44.85,51.90,47.78,49.22,45.32,69.55,66.91
3162.3,52.61,47.16,50.20,44.94,51.73,47.73,49.24,45.47,68.34,67.15
3981.1,52.58,46.98,50.34,44.96,51.40,47.53,49.11,45.47,66.89,66.63
5011.9,52.42,46.72,50.34,44.86,50.94,47.23,48.85,45.35,65.23,65.38
6309.6,52.10,46.37,50.19,44.68,50.44,46.93,48.56,45.22,63.54,63.79
7943.3,51.65,45.97,49.91,44.43,49.90,46.56,48.23,45.00,61.87,62.12
10000.0,51.05,45.52,49.47,44.12,49.37,46.14,47.87,44.71,60.21,60.47
12589.3,50.34,45.05,48.92,43.77,48.88,45.66,47.52,44.36,58.48,58.84
15848.9,49.57,44.54,48.30,43.37,48.52,45.16,47.25,43.97,56.84,57.25
