f_Hz,"front: BRTE (trailing edge) - Rozenberg (2010, thesis) - full","front: BRTE (trailing edge) - Rozenberg (2010, thesis) - thesis eq. 3.18",front: BRTE (trailing edge) - Goody - full,front: BRTE (trailing edge) - Goody - thesis eq. 3.18,"rear: BRTE (trailing edge) - Rozenberg (2010, thesis) - full","rear: BRTE (trailing edge) - Rozenberg (2010, thesis) - thesis eq. 3.18",rear: BRTE (trailing edge) - Goody - full,rear: BRTE (trailing edge) - Goody - thesis eq. 3.18,rear: BRWI (rotor-wake interaction) - von Karman - full,rear: BRWI (rotor-wake interaction) - von Karman - thesis eq. 2.73,total BRWI - full,total BRTE - full,total (BRWI + BRTE) - full,total BRWI - thesis eq. 3.18 + thesis eq. 2.73 BRWI,total BRTE - thesis eq. 3.18 + thesis eq. 2.73 BRWI,total (BRWI + BRTE) - thesis eq. 3.18 + thesis eq. 2.73 BRWI
20,19.5185,16.4552,12.7003,9.65849,18.8397,16.3963,12.0678,9.61831,28.9221,5.39093,28.9221,22.2027,29.7602,5.39093,19.4361,19.604
25.3792,19.6822,18.3116,13.0461,11.617,20.1454,18.4714,13.4751,11.7807,30.2812,7.47424,30.2812,22.9303,31.0149,7.47424,21.4025,21.5748
32.2052,20.6556,19.9586,14.1319,13.383,20.507,20.1494,14.0131,13.5794,31.6531,9.55611,31.6531,23.5922,32.2837,9.55611,23.0653,23.2547
40.8672,21.5439,21.4678,15.1731,15.0298,21.7975,21.73,15.3981,15.2916,32.8601,11.6502,32.8601,24.6828,33.4752,11.6502,24.6112,24.8254
51.8589,22.4767,22.8562,16.2708,16.5729,22.6896,23.1547,16.4548,16.8689,34.0351,13.7476,34.0351,25.5948,34.6164,13.7476,26.0183,26.2684
65.8069,23.3712,24.1119,17.355,18.0022,23.4908,24.4437,17.4511,18.3281,35.1512,15.839,35.1512,26.4417,35.6996,15.839,27.2912,27.5915
83.5064,24.2627,25.2217,18.4569,19.304,24.3773,25.5747,18.5415,19.6471,36.2244,17.9278,36.2244,27.3307,36.7514,17.9278,28.412,28.7841
105.966,25.1081,26.1578,19.5224,20.4499,25.2107,26.5139,19.5918,20.7915,37.29,19.9857,37.29,28.17,37.7917,19.9857,29.3498,29.8256
134.467,25.7522,26.8721,20.3961,21.3907,25.901,27.2087,20.5006,21.7068,38.9825,22.1037,38.9825,28.8375,39.3834,22.1037,30.054,30.6997
170.634,26.094,27.2769,20.9631,22.0371,26.241,27.5682,21.0593,22.2998,40.2685,24.0946,40.2685,29.1784,40.5939,24.0946,30.4353,31.3422
216.527,26.0226,27.2376,21.1076,22.2509,26.294,27.4514,21.3103,22.4244,41.3835,25.9318,41.3835,29.1707,41.6369,25.9318,30.3561,31.6948
274.765,25.9604,26.6093,21.2466,21.8779,26.3381,26.717,21.5513,21.9284,42.3756,27.6979,42.3756,29.1637,42.5781,27.6979,29.6738,31.8076
348.666,26.3202,25.4551,21.8529,20.9619,26.874,25.531,22.3352,20.9633,43.3216,29.2018,43.3216,29.6162,43.5028,29.2018,28.5035,31.877
442.443,26.6721,24.6566,22.4629,20.3835,27.2746,25.0201,22.9871,20.6932,44.1686,30.4929,44.1686,29.9941,44.3316,30.4929,27.8524,32.3807
561.443,26.7076,24.9041,22.7228,20.9095,27.3556,25.4853,23.2955,21.4703,44.9146,32.3007,44.9146,30.054,45.0542,32.3007,28.2147,33.7318
712.45,26.875,24.4707,23.1417,20.7727,27.5178,24.8312,23.711,21.0899,45.7586,34.1253,45.7586,30.2186,45.8782,34.1253,27.665,35.01
904.071,26.8871,23.539,23.398,20.0747,27.4688,24.0272,23.9035,20.5203,46.4138,35.6727,46.4138,30.198,46.5164,35.6727,26.8003,36.2021
1147.23,26.7485,22.8781,23.4955,19.6989,27.1547,23.2742,23.8199,20.0454,46.3881,37.3027,46.3881,29.9667,46.486,37.3027,26.091,37.6194
1455.79,26.4489,22.0633,23.4179,19.1134,26.5667,22.5754,23.4456,19.5988,45.8023,38.4888,45.8023,29.5185,45.9034,38.4888,25.3372,38.694
1847.34,25.9335,21.0415,23.1128,18.3306,25.694,21.5659,22.7689,18.8204,44.4566,39.2541,44.4566,28.8257,44.5738,39.2541,24.3219,39.3914
2344.2,25.177,19.9727,22.5444,17.4813,24.6076,20.4499,21.8678,17.9261,42.5566,39.443,42.5566,27.9119,42.7031,39.443,23.2282,39.5456
2974.7,24.2395,18.8299,21.7818,16.5624,23.4394,19.3995,20.898,17.0899,40.3235,38.8894,40.3235,26.8681,40.5152,38.8894,22.1343,38.9801
3774.78,23.2121,17.6367,20.9301,15.5715,22.0983,18.2013,19.7622,16.103,37.8599,37.5233,37.8599,25.7011,38.1164,37.5233,20.9385,37.6176
4790.05,22.0406,16.3436,19.9317,14.4602,20.5994,16.8423,18.4714,14.9297,35.0976,35.2493,35.0976,24.3898,35.4518,35.2493,19.6104,35.3662
6078.39,20.7049,14.9629,18.7658,13.2483,19.0474,15.5185,17.14,13.7808,32.3089,32.5695,32.3089,22.9651,32.7868,32.5695,18.2599,32.7275
7713.24,19.2262,13.5195,17.4602,11.9642,17.4574,14.106,15.762,12.5241,29.542,29.792,29.542,21.4415,30.1673,29.792,16.8329,30.0063
9787.8,17.5774,12.0182,15.9838,10.6052,15.8661,12.6423,14.3569,11.2065,26.8145,27.0447,26.8145,19.8158,27.6048,27.0447,15.3518,27.3293
12420.3,15.8112,10.502,14.3897,9.21629,14.3037,11.1073,12.9425,9.80132,23.9554,24.3315,23.9554,18.1328,24.9648,24.3315,13.8255,24.7018
15760.9,13.9466,8.94219,12.6823,7.76924,12.9047,9.56202,11.641,8.3726,21.2531,21.6512,21.2531,16.4671,22.4988,21.6512,12.2735,22.1255
20000,12.2424,7.32784,11.1038,6.25455,11.5499,7.95102,10.3798,6.86348,18.4205,18.9986,18.4205,14.9202,20.0242,18.9986,10.6609,19.5929
