curve,r_m,20,25.3792,32.2052,40.8672,51.8589,65.8069,83.5064,105.966,134.467,170.634,216.527,274.765,348.666,442.443,561.443,712.45,904.071,1147.23,1455.79,1847.34,2344.2,2974.7,3774.78,4790.05,6078.39,7713.24,9787.8,12420.3,15760.9,20000
"front: BRTE (trailing edge) - Rozenberg (2010, thesis) - full",0.765,7.16,6.74,7.04,7.93,8.89,9.88,10.62,11.69,12.69,13.68,14.47,14.89,14.93,14.63,14.55,14.72,14.18,13.55,12.26,10.49,8.17,6.61,6.23,4.33,2.75,1.05,-0.23,-1.88,-3.79,-5.33
"front: BRTE (trailing edge) - Rozenberg (2010, thesis) - full",0.895,8.65,8.28,9.31,9.67,10.72,11.55,12.32,13.51,14.51,15.18,15.67,15.84,15.56,15.63,16.07,15.79,15.53,14.86,13.85,12.15,9.76,7.82,7.34,6.00,3.77,2.76,1.12,-0.67,-2.23,-4.18
"front: BRTE (trailing edge) - Rozenberg (2010, thesis) - full",1.025,9.83,9.50,10.72,11.09,12.18,12.90,13.73,14.88,15.74,16.31,16.46,16.21,16.25,16.81,16.91,16.70,16.61,16.13,15.27,13.83,11.66,9.20,8.08,7.57,5.21,4.13,1.99,0.57,-1.12,-2.83
"front: BRTE (trailing edge) - Rozenberg (2010, thesis) - full",1.155,10.40,10.11,11.47,11.96,12.81,13.59,14.67,15.47,16.28,16.68,16.63,16.50,16.62,17.44,17.30,17.47,17.29,17.00,16.41,15.36,13.69,11.30,9.05,8.42,7.40,4.91,4.10,2.12,0.30,-1.24
"front: BRTE (trailing edge) - Rozenberg (2010, thesis) - full",1.285,10.92,10.67,12.17,12.66,13.45,14.28,15.34,16.02,16.67,16.90,16.60,16.58,17.21,17.82,17.62,17.95,17.90,17.71,17.36,16.60,15.38,13.44,10.89,8.98,8.62,6.98,4.91,3.61,2.16,0.39
"front: BRTE (trailing edge) - Rozenberg (2010, thesis) - full",1.415,11.30,11.09,11.78,13.09,13.97,14.85,15.80,16.59,16.91,17.15,16.79,16.84,17.62,17.89,17.87,18.13,18.26,18.17,17.96,17.47,16.62,15.23,13.12,10.47,8.88,8.55,6.46,4.86,3.05,1.77
"front: BRTE (trailing edge) - Rozenberg (2010, thesis) - full",1.545,11.01,10.83,11.65,12.82,13.78,14.77,15.56,16.34,16.83,16.87,16.40,16.38,17.31,17.37,17.51,17.79,18.05,18.12,18.02,17.79,17.30,16.46,15.09,13.02,10.33,8.54,8.23,6.33,4.44,2.90
"front: BRTE (trailing edge) - Rozenberg (2010, thesis) - full",1.675,9.19,10.49,11.38,12.49,13.50,14.46,15.25,16.00,16.48,16.51,16.23,16.09,16.70,16.92,16.96,17.37,17.58,17.70,17.73,17.67,17.44,16.95,16.14,14.85,12.86,10.17,8.01,7.66,6.17,3.79
"front: BRTE (trailing edge) - Rozenberg (2010, thesis) - full",1.805,7.48,9.36,10.04,11.35,12.38,13.30,14.14,14.93,15.52,15.84,15.60,15.19,15.59,16.12,16.04,16.46,16.47,16.67,16.85,16.94,16.91,16.71,16.34,15.67,14.60,12.93,10.48,7.75,6.69,6.18
"front: BRTE (trailing edge) - Rozenberg (2010, thesis) - full",1.935,6.07,7.70,8.37,9.67,10.45,11.57,12.46,13.30,14.05,14.55,14.73,14.44,14.20,14.62,14.98,14.85,15.16,15.29,15.45,15.60,15.64,15.67,15.58,15.33,14.86,14.07,12.83,10.93,8.26,5.71
"front: BRTE (trailing edge) - Rozenberg (2010, thesis) - thesis eq. 3.18",0.765,3.90,5.77,7.40,8.93,10.37,11.72,12.96,14.06,14.98,15.66,16.03,15.98,15.32,13.90,12.06,11.40,11.48,10.33,9.34,7.84,6.25,5.37,4.16,2.46,0.91,-0.57,-2.12,-3.70,-5.45,-7.15
"front: BRTE (trailing edge) - Rozenberg (2010, thesis) - thesis eq. 3.18",0.895,5.39,7.28,8.95,10.50,11.95,13.29,14.50,15.53,16.34,16.87,17.01,16.62,15.50,13.80,12.80,12.95,12.12,11.26,9.39,8.91,7.81,6.03,4.97,3.37,1.74,0.18,-1.36,-3.05,-4.74,-6.43
"front: BRTE (trailing edge) - Rozenberg (2010, thesis) - thesis eq. 3.18",1.025,6.55,8.45,10.14,11.70,13.15,14.46,15.62,16.59,17.30,17.68,17.60,16.88,15.45,14.03,14.00,13.80,12.75,11.47,11.08,9.23,8.10,6.66,5.50,3.84,2.36,0.97,-0.72,-2.38,-4.04,-5.73
"front: BRTE (trailing edge) - Rozenberg (2010, thesis) - thesis eq. 3.18",1.155,7.13,9.02,10.70,12.25,13.68,14.97,16.10,17.03,17.71,18.04,17.89,17.07,15.58,14.48,14.84,14.45,13.26,12.11,11.66,10.55,9.15,7.59,6.12,4.95,3.37,1.82,0.17,-1.42,-3.08,-4.78
"front: BRTE (trailing edge) - Rozenberg (2010, thesis) - thesis eq. 3.18",1.285,7.63,9.51,11.18,12.71,14.12,15.38,16.48,17.38,18.02,18.30,18.06,17.12,15.63,15.01,15.64,14.87,13.71,12.89,11.88,11.07,9.64,8.37,7.16,5.62,4.04,2.52,0.99,-0.57,-2.22,-3.88
"front: BRTE (trailing edge) - Rozenberg (2010, thesis) - thesis eq. 3.18",1.415,7.95,9.81,11.48,12.99,14.38,15.61,16.68,17.54,18.15,18.38,18.07,17.05,15.66,15.55,16.24,15.03,14.25,13.41,12.45,11.28,9.97,9.30,7.79,6.30,4.92,3.48,1.82,0.29,-1.40,-3.04
"front: BRTE (trailing edge) - Rozenberg (2010, thesis) - thesis eq. 3.18",1.545,7.53,9.38,11.02,12.51,13.87,15.08,16.14,17.03,17.69,18.01,17.82,16.96,15.66,15.45,16.31,15.33,14.31,13.86,13.18,12.04,10.89,9.70,8.29,7.28,5.77,4.29,2.74,1.14,-0.47,-2.13
"front: BRTE (trailing edge) - Rozenberg (2010, thesis) - thesis eq. 3.18",1.675,6.98,8.80,10.41,11.88,13.22,14.41,15.47,16.37,17.07,17.46,17.38,16.69,15.55,15.26,16.15,15.49,14.24,14.26,13.44,12.22,11.42,10.21,9.20,7.69,6.44,4.97,3.42,1.88,0.45,-1.32
"front: BRTE (trailing edge) - Rozenberg (2010, thesis) - thesis eq. 3.18",1.805,5.61,7.39,8.97,10.41,11.72,12.90,13.97,14.92,15.73,16.31,16.51,16.21,15.36,14.61,15.12,15.51,14.07,14.23,12.89,12.50,11.65,10.46,9.57,8.31,7.11,5.65,4.24,2.82,1.29,-0.24
"front: BRTE (trailing edge) - Rozenberg (2010, thesis) - thesis eq. 3.18",1.935,3.63,5.38,6.93,8.32,9.60,10.76,11.84,12.85,13.77,14.52,15.01,15.13,14.76,14.02,13.70,14.32,14.21,13.17,13.17,12.27,11.63,10.86,9.68,8.87,7.62,6.31,5.02,3.62,2.18,0.73
front: BRTE (trailing edge) - Goody - full,0.765,0.07,-0.13,0.36,1.39,2.54,3.74,4.71,6.01,7.27,8.52,9.58,10.27,10.57,10.51,10.71,11.22,10.95,10.61,9.60,8.11,6.05,4.69,4.50,2.77,1.34,-0.22,-1.38,-2.94,-4.75,-6.22
front: BRTE (trailing edge) - Goody - full,0.895,1.71,1.56,2.70,3.29,4.52,5.57,6.58,7.98,9.23,10.17,10.91,11.32,11.26,11.59,12.35,12.35,12.37,11.98,11.25,9.81,7.68,5.96,5.64,4.47,2.40,1.51,-0.01,-1.70,-3.18,-5.05
front: BRTE (trailing edge) - Goody - full,1.025,2.98,2.89,4.20,4.81,6.08,7.02,8.08,9.46,10.55,11.37,11.76,11.71,11.97,12.85,13.22,13.27,13.46,13.27,12.66,11.49,9.57,7.34,6.39,6.04,3.84,2.89,0.87,-0.45,-2.06,-3.70
front: BRTE (trailing edge) - Goody - full,1.155,3.59,3.53,4.96,5.67,6.71,7.71,9.00,10.05,11.08,11.72,11.88,11.93,12.30,13.42,13.51,13.97,14.04,14.03,13.70,12.92,11.50,9.35,7.32,6.84,5.97,3.64,2.93,1.06,-0.67,-2.13
front: BRTE (trailing edge) - Goody - full,1.285,4.14,4.12,5.66,6.38,7.35,8.39,9.67,10.58,11.46,11.92,11.82,11.96,12.86,13.74,13.75,14.37,14.58,14.65,14.57,14.07,13.09,11.40,9.07,7.36,7.13,5.64,3.70,2.52,1.16,-0.53
front: BRTE (trailing edge) - Goody - full,1.415,4.54,4.56,5.40,6.81,7.87,8.95,10.11,11.12,11.68,12.12,11.94,12.18,13.23,13.73,13.94,14.44,14.85,15.02,15.05,14.83,14.23,13.08,11.20,8.77,7.35,7.15,5.20,3.71,2.01,0.81
front: BRTE (trailing edge) - Goody - full,1.545,4.22,4.25,5.20,6.49,7.59,8.77,9.78,10.77,11.48,11.73,11.47,11.63,12.80,13.10,13.44,13.95,14.46,14.78,14.93,14.95,14.72,14.12,12.99,11.14,8.67,7.04,6.86,5.10,3.32,1.88
front: BRTE (trailing edge) - Goody - full,1.675,2.48,3.86,4.88,6.09,7.24,8.38,9.37,10.33,11.03,11.27,11.18,11.23,12.11,12.54,12.76,13.38,13.84,14.18,14.45,14.64,14.66,14.42,13.86,12.79,11.02,8.54,6.56,6.32,4.96,2.70
front: BRTE (trailing edge) - Goody - full,1.805,0.72,2.63,3.44,4.82,5.97,7.05,8.08,9.06,9.87,10.40,10.37,10.16,10.77,11.56,11.61,12.28,12.47,12.87,13.28,13.63,13.84,13.89,13.76,13.33,12.50,11.04,8.81,6.26,5.33,4.94
front: BRTE (trailing edge) - Goody - full,1.935,-0.85,0.81,1.58,2.96,3.87,5.11,6.16,7.18,8.12,8.84,9.22,9.15,9.10,9.78,10.35,10.38,10.92,11.24,11.59,11.95,12.21,12.47,12.64,12.64,12.41,11.86,10.84,9.15,6.68,4.30
front: BRTE (trailing edge) - Goody - thesis eq. 3.18,0.765,-3.06,-1.08,0.70,2.38,3.99,5.54,6.99,8.32,9.49,10.44,11.10,11.36,11.02,9.93,8.38,7.95,8.34,7.55,6.75,5.54,4.16,3.51,2.48,0.94,-0.46,-1.81,-3.25,-4.73,-6.39,-8.02
front: BRTE (trailing edge) - Goody - thesis eq. 3.18,0.895,-1.44,0.57,2.38,4.09,5.71,7.24,8.66,9.93,10.99,11.79,12.22,12.14,11.35,9.94,9.16,9.58,9.14,8.51,6.91,6.67,5.79,4.22,3.33,1.89,0.41,-1.02,-2.46,-4.05,-5.67,-7.28
front: BRTE (trailing edge) - Goody - thesis eq. 3.18,1.025,-0.19,1.83,3.65,5.37,6.99,8.50,9.87,11.06,12.02,12.67,12.88,12.47,11.35,10.17,10.36,10.52,9.80,8.71,8.62,6.99,6.08,4.84,3.87,2.37,1.04,-0.23,-1.81,-3.37,-4.95,-6.57
front: BRTE (trailing edge) - Goody - thesis eq. 3.18,1.155,0.41,2.41,4.22,5.91,7.51,8.99,10.32,11.48,12.40,13.00,13.13,12.60,11.40,10.51,11.13,11.13,10.20,9.30,9.11,8.26,7.07,5.73,4.44,3.43,2.00,0.58,-0.96,-2.44,-4.02,-5.65
front: BRTE (trailing edge) - Goody - thesis eq. 3.18,1.285,0.91,2.90,4.69,6.37,7.94,9.38,10.68,11.79,12.67,13.21,13.25,12.59,11.35,10.94,11.87,11.49,10.51,10.04,9.23,8.69,7.50,6.42,5.42,4.05,2.62,1.24,-0.17,-1.63,-3.19,-4.77
front: BRTE (trailing edge) - Goody - thesis eq. 3.18,1.415,1.23,3.20,4.98,6.63,8.17,9.58,10.84,11.92,12.75,13.23,13.18,12.42,11.27,11.38,12.41,11.54,10.93,10.47,9.73,8.79,7.72,7.28,5.96,4.66,3.43,2.14,0.61,-0.82,-2.41,-3.97
front: BRTE (trailing edge) - Goody - thesis eq. 3.18,1.545,0.76,2.70,4.45,6.07,7.57,8.95,10.20,11.28,12.15,12.71,12.76,12.14,11.07,11.10,12.29,11.62,10.81,10.71,10.25,9.35,8.46,7.54,6.33,5.50,4.17,2.84,1.43,-0.05,-1.55,-3.11
front: BRTE (trailing edge) - Goody - thesis eq. 3.18,1.675,0.15,2.06,3.78,5.37,6.84,8.18,9.41,10.50,11.41,12.02,12.17,11.69,10.76,10.72,11.94,11.56,10.55,10.88,10.32,9.35,8.82,7.87,7.07,5.77,4.70,3.40,2.01,0.61,-0.71,-2.38
front: BRTE (trailing edge) - Goody - thesis eq. 3.18,1.805,-1.33,0.54,2.21,3.75,5.18,6.50,7.72,8.85,9.85,10.63,11.04,10.94,10.28,9.76,10.60,11.26,10.03,10.54,9.43,9.31,8.72,7.80,7.16,6.13,5.15,3.88,2.64,1.37,-0.01,-1.42
front: BRTE (trailing edge) - Goody - thesis eq. 3.18,1.935,-3.44,-1.63,-0.01,1.47,2.86,4.14,5.35,6.52,7.61,8.54,9.23,9.55,9.36,8.80,8.74,9.70,9.81,9.02,9.33,8.72,8.33,7.84,6.91,6.35,5.33,4.24,3.16,1.94,0.66,-0.65
"rear: BRTE (trailing edge) - Rozenberg (2010, thesis) - full",0.755,2.83,8.02,8.09,9.02,9.97,10.92,11.63,12.70,13.81,14.66,15.42,15.84,15.83,15.70,15.83,15.78,14.97,14.08,12.13,9.86,8.53,8.32,6.33,5.00,3.28,2.14,0.51,-1.39,-2.78,-4.50
"rear: BRTE (trailing edge) - Rozenberg (2010, thesis) - full",0.865,10.30,9.49,9.63,10.69,11.72,12.53,13.23,14.39,15.38,16.01,16.57,16.63,16.59,16.91,17.18,16.72,16.39,15.24,13.55,11.18,9.51,9.28,7.73,5.87,4.67,3.38,1.67,-0.01,-1.91,-3.59
"rear: BRTE (trailing edge) - Rozenberg (2010, thesis) - full",0.975,11.45,11.56,10.97,12.15,13.25,13.91,14.64,15.79,16.58,17.08,17.18,17.07,17.49,18.06,17.87,17.86,17.35,16.48,14.96,12.65,10.40,9.92,9.15,6.67,6.08,4.09,2.30,0.85,-0.64,-2.36
"rear: BRTE (trailing edge) - Rozenberg (2010, thesis) - full",1.085,11.68,11.04,11.34,12.74,13.64,14.29,15.29,16.09,16.82,17.18,17.14,17.03,17.75,18.36,18.20,18.39,18.08,17.44,16.33,14.47,11.89,10.16,10.10,8.41,6.65,5.28,3.96,2.33,0.50,-1.27
"rear: BRTE (trailing edge) - Rozenberg (2010, thesis) - full",1.195,7.91,11.17,11.55,13.04,13.86,14.55,15.57,16.23,16.90,17.13,16.96,17.18,17.98,18.36,18.41,18.63,18.59,18.17,17.40,15.97,13.77,11.12,10.15,9.97,7.60,6.71,4.45,3.16,1.51,-0.18
"rear: BRTE (trailing edge) - Rozenberg (2010, thesis) - full",1.305,8.45,11.27,11.74,13.26,14.07,14.80,15.76,16.34,16.87,16.98,16.96,17.03,17.92,18.30,18.46,18.69,18.82,18.62,18.10,17.13,15.46,12.90,10.44,10.18,9.54,6.92,6.32,4.18,2.45,0.92
"rear: BRTE (trailing edge) - Rozenberg (2010, thesis) - full",1.415,8.50,10.90,11.46,12.88,13.82,14.47,15.44,16.19,16.67,16.78,16.53,16.72,17.57,17.92,18.09,18.37,18.65,18.62,18.35,17.80,16.72,14.88,12.18,9.84,9.89,9.01,6.37,5.69,3.85,1.94
"rear: BRTE (trailing edge) - Rozenberg (2010, thesis) - full",1.525,8.11,10.11,10.80,12.10,12.80,13.86,14.71,15.49,16.03,16.20,15.89,15.89,16.76,17.07,17.25,17.71,17.99,18.16,18.12,17.86,17.28,16.20,14.36,11.61,9.14,9.25,8.55,5.66,5.16,3.14
"rear: BRTE (trailing edge) - Rozenberg (2010, thesis) - full",1.635,7.41,9.06,9.85,11.06,11.72,12.87,13.67,14.50,15.12,15.39,15.32,15.10,15.50,16.16,16.15,16.72,16.90,17.13,17.30,17.31,17.10,16.55,15.53,13.78,11.09,8.30,8.20,8.02,4.92,4.45
"rear: BRTE (trailing edge) - Rozenberg (2010, thesis) - full",1.745,4.81,6.07,7.57,8.22,9.47,10.52,11.42,12.30,13.06,13.62,13.90,13.74,13.55,13.98,14.48,14.47,14.92,15.09,15.29,15.49,15.54,15.47,15.13,14.45,13.23,11.20,8.22,5.88,6.41,5.52
"rear: BRTE (trailing edge) - Rozenberg (2010, thesis) - thesis eq. 3.18",0.755,4.81,6.82,8.46,9.99,11.44,12.79,14.03,15.13,16.03,16.68,16.97,16.77,15.87,14.13,12.52,12.99,13.04,10.93,10.60,9.23,7.97,6.66,5.73,3.76,2.56,0.76,-0.81,-2.30,-4.08,-5.72
"rear: BRTE (trailing edge) - Rozenberg (2010, thesis) - thesis eq. 3.18",0.865,6.09,8.15,9.84,11.43,12.89,14.24,15.45,16.48,17.27,17.74,17.76,17.16,15.75,14.03,13.98,14.49,12.87,12.11,10.98,9.57,8.19,7.06,6.00,4.30,3.09,1.32,-0.15,-1.72,-3.42,-5.14
"rear: BRTE (trailing edge) - Rozenberg (2010, thesis) - thesis eq. 3.18",0.975,7.19,9.28,11.01,12.63,14.10,15.43,16.59,17.53,18.18,18.44,18.15,17.12,15.49,14.78,15.51,14.68,13.33,12.61,11.55,10.68,9.24,7.72,6.51,5.16,3.46,1.93,0.33,-1.30,-2.90,-4.59
"rear: BRTE (trailing edge) - Rozenberg (2010, thesis) - thesis eq. 3.18",1.085,7.47,9.56,11.28,12.89,14.35,15.66,16.80,17.71,18.34,18.56,18.23,17.16,15.61,15.30,16.06,14.90,13.88,13.10,12.06,10.94,9.44,8.70,7.17,5.54,4.21,2.64,1.15,-0.51,-2.13,-3.83
"rear: BRTE (trailing edge) - Rozenberg (2010, thesis) - thesis eq. 3.18",1.195,7.58,9.66,11.37,12.97,14.41,15.71,16.82,17.72,18.33,18.56,18.22,17.16,15.73,15.69,16.47,15.09,14.39,13.45,12.74,11.53,10.16,9.40,8.01,6.35,4.95,3.43,1.96,0.22,-1.33,-3.03
"rear: BRTE (trailing edge) - Rozenberg (2010, thesis) - thesis eq. 3.18",1.305,7.62,9.70,11.39,12.98,14.40,15.67,16.76,17.64,18.24,18.46,18.11,17.06,15.80,16.05,16.75,15.16,14.91,13.62,13.26,12.19,10.83,9.76,8.53,6.86,5.58,4.15,2.69,1.00,-0.55,-2.29
"rear: BRTE (trailing edge) - Rozenberg (2010, thesis) - thesis eq. 3.18",1.415,7.15,9.23,10.89,12.46,13.86,15.11,16.20,17.09,17.73,18.03,17.81,16.92,15.76,15.89,16.70,15.40,14.89,13.99,13.76,12.75,11.56,9.98,8.72,7.80,6.40,4.87,3.34,1.82,0.27,-1.35
"rear: BRTE (trailing edge) - Rozenberg (2010, thesis) - thesis eq. 3.18",1.525,6.22,8.30,9.92,11.48,12.86,14.09,15.18,16.10,16.83,17.26,17.24,16.63,15.59,15.33,16.19,15.66,14.42,14.53,13.63,12.46,11.65,10.73,9.51,8.27,6.83,5.54,3.97,2.46,0.94,-0.66
"rear: BRTE (trailing edge) - Rozenberg (2010, thesis) - thesis eq. 3.18",1.635,4.95,7.02,8.61,10.15,11.50,12.72,13.81,14.77,15.58,16.14,16.34,16.03,15.23,14.67,15.26,15.46,14.18,14.31,13.18,12.65,11.84,10.87,9.74,8.58,7.35,6.06,4.65,3.23,1.66,0.11
"rear: BRTE (trailing edge) - Rozenberg (2010, thesis) - thesis eq. 3.18",1.745,2.33,4.39,5.93,7.44,8.76,9.96,11.06,12.08,13.02,13.80,14.35,14.53,14.26,13.61,13.27,13.80,13.83,12.93,12.78,12.09,11.51,10.73,9.75,8.62,7.47,6.34,5.05,3.65,2.25,0.78
rear: BRTE (trailing edge) - Goody - full,0.755,-3.80,1.17,1.43,2.49,3.63,4.78,5.72,7.01,8.36,9.47,10.48,11.15,11.39,11.50,11.93,12.21,11.67,11.09,9.43,7.45,6.35,6.34,4.56,3.40,1.84,0.84,-0.66,-2.46,-3.76,-5.41
rear: BRTE (trailing edge) - Goody - full,0.865,3.33,2.77,3.11,4.29,5.51,6.53,7.47,8.84,10.07,10.96,11.74,12.02,12.20,12.81,13.40,13.20,13.17,12.31,10.91,8.82,7.40,7.34,5.99,4.32,3.27,2.11,0.51,-1.06,-2.86,-4.47
rear: BRTE (trailing edge) - Goody - full,0.975,4.58,4.87,4.57,5.87,7.14,8.02,9.00,10.36,11.37,12.10,12.41,12.51,13.17,14.05,14.11,14.40,14.16,13.58,12.34,10.31,8.31,8.01,7.42,5.14,4.68,2.84,1.17,-0.19,-1.59,-3.24
rear: BRTE (trailing edge) - Goody - full,1.085,4.84,4.44,4.94,6.44,7.52,8.39,9.60,10.63,11.59,12.16,12.32,12.41,13.38,14.27,14.34,14.83,14.80,14.43,13.60,12.02,9.72,8.21,8.30,6.80,5.21,3.98,2.78,1.25,-0.48,-2.17
rear: BRTE (trailing edge) - Goody - full,1.195,1.39,4.58,5.14,6.72,7.70,8.61,9.83,10.73,11.61,12.06,12.08,12.46,13.53,14.17,14.45,14.95,15.19,15.04,14.55,13.39,11.46,9.07,8.28,8.26,6.08,5.34,3.21,2.04,0.49,-1.11
rear: BRTE (trailing edge) - Goody - full,1.305,1.90,4.68,5.32,6.92,7.89,8.83,9.99,10.81,11.55,11.86,12.00,12.26,13.42,14.01,14.41,14.89,15.30,15.36,15.11,14.42,13.01,10.73,8.50,8.40,7.93,5.49,5.02,3.00,1.39,-0.06
rear: BRTE (trailing edge) - Goody - full,1.415,1.89,4.27,4.99,6.49,7.56,8.44,9.59,10.55,11.24,11.55,11.48,11.84,12.95,13.50,13.89,14.41,14.95,15.18,15.17,14.90,14.08,12.51,10.07,7.97,8.16,7.45,4.99,4.42,2.70,0.90
rear: BRTE (trailing edge) - Goody - full,1.525,1.41,3.43,4.25,5.63,6.50,7.71,8.74,9.73,10.47,10.84,10.73,10.89,11.99,12.53,12.88,13.58,14.09,14.49,14.71,14.71,14.40,13.59,12.01,9.52,7.28,7.54,7.01,4.29,3.90,2.00
rear: BRTE (trailing edge) - Goody - full,1.635,0.60,2.30,3.21,4.48,5.31,6.59,7.57,8.58,9.41,9.88,10.01,9.96,10.58,11.48,11.60,12.41,12.78,13.22,13.64,13.91,13.95,13.67,12.91,11.43,8.99,6.44,6.49,6.47,3.55,3.19
rear: BRTE (trailing edge) - Goody - full,1.745,-2.14,-0.82,0.73,1.50,2.83,4.00,5.04,6.10,7.05,7.81,8.29,8.33,8.32,8.99,9.71,9.83,10.52,10.87,11.27,11.70,11.98,12.16,12.08,11.66,10.71,8.94,6.22,4.09,4.76,4.03
rear: BRTE (trailing edge) - Goody - thesis eq. 3.18,0.755,-2.11,0.01,1.78,3.47,5.08,6.62,8.06,9.38,10.53,11.44,12.01,12.11,11.51,10.08,8.74,9.48,9.87,8.06,7.96,6.86,5.85,4.74,4.00,2.20,1.15,-0.51,-1.96,-3.35,-5.04,-6.60
rear: BRTE (trailing edge) - Goody - thesis eq. 3.18,0.865,-0.69,1.46,3.29,5.03,6.66,8.20,9.61,10.87,11.90,12.63,12.93,12.63,11.52,10.07,10.26,11.11,9.83,9.25,8.47,7.27,6.11,5.18,4.32,2.78,1.71,0.09,-1.28,-2.74,-4.36,-6.00
rear: BRTE (trailing edge) - Goody - thesis eq. 3.18,0.975,0.50,2.69,4.56,6.32,7.96,9.48,10.85,12.01,12.90,13.42,13.42,12.68,11.32,10.84,11.87,11.41,10.27,9.87,9.02,8.41,7.20,5.87,4.86,3.67,2.11,0.71,-0.77,-2.31,-3.83,-5.45
rear: BRTE (trailing edge) - Goody - thesis eq. 3.18,1.085,0.78,2.96,4.82,6.57,8.19,9.68,11.02,12.15,13.01,13.49,13.43,12.64,11.34,11.26,12.35,11.55,10.71,10.29,9.46,8.57,7.32,6.79,5.44,3.99,2.81,1.37,0.01,-1.55,-3.09,-4.71
rear: BRTE (trailing edge) - Goody - thesis eq. 3.18,1.195,0.87,3.05,4.88,6.61,8.21,9.68,10.99,12.09,12.94,13.41,13.33,12.53,11.34,11.55,12.66,11.61,11.10,10.53,10.04,9.07,7.95,7.41,6.20,4.74,3.48,2.11,0.76,-0.87,-2.32,-3.94
rear: BRTE (trailing edge) - Goody - thesis eq. 3.18,1.305,0.89,3.06,4.87,6.59,8.16,9.60,10.88,11.96,12.78,13.23,13.13,12.32,11.29,11.81,12.84,11.54,11.53,10.55,10.46,9.64,8.53,7.65,6.62,5.15,4.04,2.76,1.44,-0.14,-1.59,-3.24
rear: BRTE (trailing edge) - Goody - thesis eq. 3.18,1.415,0.37,2.53,4.31,6.00,7.54,8.95,10.21,11.30,12.15,12.67,12.67,12.01,11.07,11.48,12.61,11.58,11.33,10.73,10.78,10.03,9.08,7.72,6.68,5.96,4.74,3.37,1.99,0.60,-0.84,-2.36
rear: BRTE (trailing edge) - Goody - thesis eq. 3.18,1.525,-0.63,1.52,3.25,4.92,6.42,7.81,9.06,10.17,11.08,11.72,11.91,11.51,10.68,10.69,11.88,11.59,10.63,11.02,10.42,9.51,8.97,8.26,7.29,6.25,5.02,3.91,2.49,1.12,-0.26,-1.76
rear: BRTE (trailing edge) - Goody - thesis eq. 3.18,1.635,-1.98,0.16,1.84,3.48,4.94,6.30,7.54,8.67,9.65,10.42,10.81,10.69,10.09,9.76,10.68,11.14,10.08,10.55,9.67,9.38,8.85,8.17,7.27,6.36,5.33,4.24,3.00,1.75,0.33,-1.10
rear: BRTE (trailing edge) - Goody - thesis eq. 3.18,1.745,-4.78,-2.66,-1.04,0.55,1.97,3.28,4.51,5.68,6.78,7.75,8.48,8.86,8.76,8.28,8.20,9.07,9.33,8.66,8.83,8.42,8.08,7.60,6.87,6.01,5.09,4.19,3.11,1.89,0.67,-0.64
rear: BRWI (rotor-wake interaction) - von Karman - full,0.755,9.58,10.92,12.23,13.43,14.58,15.70,16.80,17.88,18.95,20.06,22.03,23.33,24.29,24.87,25.15,25.22,25.32,25.16,23.79,24.28,23.72,21.62,20.25,17.75,15.20,12.66,10.26,7.36,4.75,1.91
rear: BRWI (rotor-wake interaction) - von Karman - full,0.865,13.67,14.96,16.23,17.38,18.50,19.59,20.66,21.71,22.77,24.73,25.90,27.06,27.75,28.23,28.53,28.79,29.16,28.18,27.13,26.81,26.39,24.01,22.20,19.54,16.93,14.29,11.73,8.85,6.17,3.43
rear: BRWI (rotor-wake interaction) - von Karman - full,0.975,16.93,18.17,19.43,20.54,21.63,22.69,23.72,24.76,26.53,27.83,28.96,29.84,30.51,31.04,31.44,32.11,32.20,31.07,29.95,29.13,28.28,25.74,23.87,21.00,18.50,15.80,13.02,10.28,7.53,4.85
rear: BRWI (rotor-wake interaction) - von Karman - full,1.085,19.09,20.36,21.64,22.77,23.87,24.93,25.97,27.00,28.85,30.08,31.21,32.07,32.80,33.41,33.91,34.68,34.90,33.93,32.55,30.91,29.87,27.73,24.99,22.68,20.05,17.32,14.58,11.59,8.85,6.23
rear: BRWI (rotor-wake interaction) - von Karman - full,1.195,20.84,22.13,23.46,24.60,25.72,26.79,27.82,28.87,30.76,31.93,33.01,33.93,34.75,35.44,36.03,36.85,37.22,36.42,35.06,32.75,31.03,29.40,26.38,24.20,21.09,18.45,15.64,13.00,10.17,7.42
rear: BRWI (rotor-wake interaction) - von Karman - full,1.305,21.03,22.34,23.69,24.85,25.98,27.06,28.09,29.15,31.06,32.18,33.20,34.18,35.10,35.83,36.51,37.39,37.97,37.49,36.42,34.00,31.59,30.11,27.70,24.74,22.30,19.60,16.73,14.11,11.14,8.36
rear: BRWI (rotor-wake interaction) - von Karman - full,1.415,20.78,22.14,23.52,24.72,25.88,26.98,28.04,29.12,31.00,32.12,33.10,34.16,35.15,35.98,36.72,37.60,38.41,38.33,37.57,35.44,32.73,30.36,28.65,25.70,23.03,20.27,17.66,14.89,12.09,9.41
rear: BRWI (rotor-wake interaction) - von Karman - full,1.525,20.21,21.63,23.05,24.30,25.51,26.65,27.73,28.78,30.49,31.81,32.83,33.84,34.94,35.93,36.73,37.59,38.48,38.88,38.29,37.00,34.59,31.59,29.21,26.87,23.83,21.23,18.29,15.70,13.00,10.09
rear: BRWI (rotor-wake interaction) - von Karman - full,1.635,19.41,20.89,22.34,23.65,24.91,26.09,27.21,28.28,29.68,31.25,32.38,33.36,34.51,35.62,36.54,37.42,38.25,38.92,38.77,37.81,35.81,33.24,30.07,27.13,25.21,22.09,19.26,16.46,13.84,11.07
rear: BRWI (rotor-wake interaction) - von Karman - full,1.745,17.58,19.16,20.69,22.10,23.45,24.72,25.92,27.06,28.14,29.65,31.19,32.30,33.33,34.51,35.70,36.68,37.53,38.11,38.39,37.90,36.46,34.58,32.23,29.23,25.75,23.02,20.50,17.20,14.65,11.57
rear: BRWI (rotor-wake interaction) - von Karman - thesis eq. 2.73,0.755,-17.37,-15.27,-13.17,-11.06,-8.93,-6.88,-4.67,-2.56,-0.25,2.12,4.61,7.06,9.38,11.40,13.18,15.01,16.78,17.95,19.11,19.80,19.99,19.46,18.38,16.74,14.69,12.30,9.63,6.74,3.72,0.68
rear: BRWI (rotor-wake interaction) - von Karman - thesis eq. 2.73,0.865,-12.74,-10.64,-8.53,-6.41,-4.27,-2.11,0.04,2.22,4.40,6.81,9.14,11.42,13.35,14.98,16.67,18.67,20.29,21.91,23.01,23.77,24.02,23.64,22.69,21.32,19.69,17.88,15.95,13.92,11.79,9.57
rear: BRWI (rotor-wake interaction) - von Karman - thesis eq. 2.73,0.975,-8.92,-6.81,-4.70,-2.57,-0.43,1.74,3.93,6.12,8.42,10.61,12.71,14.67,16.25,17.66,19.57,21.54,23.24,25.12,26.54,27.44,27.79,27.45,26.48,24.92,22.92,20.57,17.97,15.24,12.50,9.78
rear: BRWI (rotor-wake interaction) - von Karman - thesis eq. 2.73,1.085,-5.79,-3.69,-1.58,0.54,2.68,4.83,6.99,9.13,11.37,13.47,15.45,17.24,18.69,19.97,21.99,23.94,25.63,27.53,29.05,30.05,30.45,29.95,28.53,26.22,23.34,20.32,17.42,14.64,11.93,9.26
rear: BRWI (rotor-wake interaction) - von Karman - thesis eq. 2.73,1.195,-3.14,-1.04,1.06,3.17,5.29,7.42,9.56,11.65,13.84,15.86,17.69,19.41,20.80,22.01,24.12,26.03,27.59,29.45,30.83,31.75,32.01,31.18,29.18,26.25,23.15,20.19,17.37,14.62,11.93,9.26
rear: BRWI (rotor-wake interaction) - von Karman - thesis eq. 2.73,1.305,-2.71,-0.62,1.48,3.58,5.69,7.80,9.91,11.97,14.11,16.08,17.84,19.53,20.89,22.11,24.21,26.05,27.50,29.27,30.53,31.32,31.47,30.62,28.70,25.99,22.99,20.07,17.25,14.50,11.80,9.12
rear: BRWI (rotor-wake interaction) - von Karman - thesis eq. 2.73,1.415,-2.55,-0.47,1.62,3.71,5.80,7.89,9.95,11.99,14.09,16.03,17.74,19.46,20.86,22.07,23.99,25.88,27.22,28.86,29.92,30.57,30.66,30.00,28.47,25.96,23.06,20.14,17.31,14.55,11.84,9.15
rear: BRWI (rotor-wake interaction) - von Karman - thesis eq. 2.73,1.525,-2.64,-0.56,1.52,3.59,5.67,7.74,9.77,11.78,13.83,15.76,17.50,19.22,20.73,21.96,23.61,25.49,26.95,28.33,29.27,29.89,29.97,29.58,28.38,26.02,23.27,20.35,17.50,14.72,11.99,9.29
rear: BRWI (rotor-wake interaction) - von Karman - thesis eq. 2.73,1.635,-3.04,-0.97,1.11,3.18,5.24,7.26,9.29,11.34,13.35,15.26,17.08,18.82,20.41,21.70,23.11,24.87,26.58,27.67,28.71,29.19,29.30,29.12,28.25,26.06,23.53,20.59,17.71,14.92,12.17,9.45
rear: BRWI (rotor-wake interaction) - von Karman - thesis eq. 2.73,1.745,-4.23,-2.16,-0.15,1.94,4.02,6.08,8.13,10.16,12.18,14.17,16.11,17.95,19.66,21.13,22.45,23.77,25.40,27.02,27.88,28.61,28.67,28.38,27.86,26.24,23.56,20.83,18.00,15.15,12.33,9.59
