f_Hz,trailing-edge (Amiet 1976) - Amiet WPS,trailing-edge (Amiet 1976) - Chase-Howe,trailing-edge (Amiet 1976) - Goody,trailing-edge (Amiet 1976) - Kim-George,"trailing-edge (Amiet 1976) - Rozenberg (2010, thesis)",trailing-edge (Amiet 1976) - Rozenberg,total (interaction + self) - stationary
50,11.9835,4.77815,5.23082,14.6796,9.35983,8.03349,11.9835
57.2757,12.1063,5.94239,5.93686,15.4856,9.94828,8.83921,12.1063
65.6102,12.2497,7.08622,6.62708,16.3148,10.5191,9.62909,12.2497
75.1575,12.4109,8.19691,7.29816,17.1602,11.0696,10.3989,12.4109
86.094,12.5866,9.26007,7.94662,17.9671,11.5969,11.1441,12.5866
98.622,12.7726,10.2599,8.56851,18.3847,12.0977,11.8595,12.7726
112.973,12.9639,11.1794,9.15912,18.7716,12.5678,12.5395,12.9639
129.412,13.1538,12.0014,9.71264,19.1202,13.0021,13.1769,13.1538
148.244,13.3339,12.7087,10.2217,19.4215,13.3938,13.7632,13.3339
169.815,13.4935,13.2853,10.6766,19.6646,13.7338,14.2876,13.4935
194.526,13.6184,13.7157,11.065,19.8363,14.0102,14.7365,13.6184
222.832,13.6904,13.9851,11.3705,19.9195,14.207,15.0925,13.6904
255.258,13.6858,14.077,11.5717,19.8926,14.3031,15.333,13.6858
292.402,13.5737,13.9713,11.6399,19.7274,14.2704,15.4288,13.5737
334.951,13.3139,13.6407,11.5378,19.387,14.0717,15.3416,13.3139
383.691,12.8541,13.0467,11.2159,18.8227,13.6578,15.0213,12.8541
439.524,12.1267,12.1357,10.6097,17.9709,12.9641,14.4029,12.1267
503.481,11.0472,10.8362,9.63794,16.7515,11.9096,13.4048,11.0472
576.745,9.51961,9.06443,8.2079,15.073,10.4015,11.9341,9.51961
660.67,7.47034,6.75753,6.2495,12.8664,8.36979,9.92048,7.47034
756.807,4.96939,3.99478,3.83605,10.2064,5.88763,7.43703,4.96939
866.934,2.49198,1.25949,1.44595,7.57274,3.4333,4.96121,2.49198
993.086,0.947014,-0.532473,-0.0091112,5.87881,1.91837,3.40161,0.947014
1137.6,0.988956,-0.720632,0.127358,5.78344,1.99913,3.40527,0.988956
1303.13,2.21036,0.292816,1.44853,6.88344,3.26858,4.53859,2.21036
1492.76,2.81676,0.718089,2.15807,7.38848,3.93027,4.93517,2.81676
1709.98,1.23065,-1.01807,0.67218,5.72514,2.40036,2.84927,1.23065
1958.8,-2.32886,-4.69248,-2.80376,2.11662,-1.11553,-1.80245,-2.32886
2243.84,-3.69229,-6.13157,-4.12602,0.736694,-2.47296,-5.16345,-3.69229
2570.35,-2.12149,-4.59286,-2.59966,2.32809,-0.975595,-6.51338,-2.12149
2944.37,-4.36483,-6.81979,-5.03672,0.147612,-3.43327,-12.2931,-4.36483
3372.83,-6.99939,-9.38361,-8.09171,-2.37578,-6.49826,-18.7484,-6.99939
3863.62,-5.89022,-8.1423,-7.69676,-1.10002,-6.10213,-21.5445,-5.89022
4425.84,-9.7946,-11.8445,-12.6312,-4.77385,-11.0268,-29.3421,-9.7946
5069.86,-9.10967,-10.8769,-13.2511,-3.78447,-11.6331,-32.4923,-9.10967
5807.6,-11.4407,-12.8328,-17.0746,-5.72609,-15.4436,-38.5744,-11.4407
6652.7,-14.2675,-15.1792,-21.4836,-8.06735,-19.8423,-45.05,-14.2675
7620.76,-15.6647,-15.9779,-24.4689,-8.87267,-22.8204,-49.979,-15.6647
8729.7,-17.4473,-17.0334,-27.7855,-9.95055,-26.1323,-55.165,-17.4473
10000,-19.793,-18.5169,-31.5733,-11.4783,-29.9171,-60.779,-19.793
