fc_Hz,trailing-edge (Amiet 1976) - Amiet WPS,trailing-edge (Amiet 1976) - Chase-Howe,trailing-edge (Amiet 1976) - Goody,trailing-edge (Amiet 1976) - Kim-George,"trailing-edge (Amiet 1976) - Rozenberg (2010, thesis)",trailing-edge (Amiet 1976) - Rozenberg
63.1,23.86,18.47,18.11,27.77,22.03,21.09
79.4,25.14,21.34,20.24,30.17,23.95,23.39
100.0,26.45,24.04,22.30,32.08,25.81,25.61
125.9,27.77,26.51,24.27,33.70,27.57,27.72
158.5,29.06,28.66,26.11,35.19,29.22,29.69
199.5,30.27,30.41,27.77,36.49,30.69,31.45
251.2,31.31,31.68,29.18,37.52,31.92,32.94
316.2,32.05,32.40,30.21,38.15,32.78,34.01
398.1,32.27,32.41,30.66,38.20,33.08,34.46
501.2,31.65,31.45,30.23,37.36,32.51,33.99
631.0,29.83,29.22,28.57,35.29,30.72,32.26
794.3,26.83,25.80,25.72,32.03,27.76,29.30
1000.0,24.89,23.40,23.94,29.82,25.86,27.34
1258.9,26.55,24.67,25.77,31.25,27.60,28.88
1584.9,27.62,25.47,27.00,32.16,28.76,29.52
1995.3,24.54,22.18,24.06,28.99,25.74,24.88
2511.9,24.77,22.31,24.28,29.22,25.91,20.91
3162.3,23.11,20.69,22.24,27.67,23.84,13.88
3981.1,22.42,20.20,20.45,27.25,22.05,6.60
5011.9,20.96,19.19,16.95,26.28,18.57,-1.71
6309.6,18.66,17.52,12.30,24.63,13.94,-9.95
7943.3,16.43,16.32,7.32,23.41,8.97,-18.39
