fc_Hz,leading-edge (Amiet 1975) - von Karman,leading-edge (Amiet 1975) - Liepmann
125.9,83.45,80.95
158.5,87.11,84.77
199.5,90.53,88.42
251.2,93.65,91.85
316.2,96.99,95.61
398.1,99.28,98.38
501.2,100.10,99.72
631.0,99.43,99.54
794.3,96.94,97.47
1000.0,93.39,94.23
1258.9,92.40,93.42
1584.9,94.45,95.48
1995.3,93.04,94.00
2511.9,89.34,90.11
3162.3,89.74,90.31
3981.1,87.18,87.47
5011.9,85.71,85.72
6309.6,84.19,83.89
7943.3,82.37,81.76
10000.0,81.01,80.09
12589.3,78.68,77.42
15848.9,77.76,76.18
