f_Hz,leading-edge (Amiet 1975) - von Karman,leading-edge (Amiet 1975) - Liepmann,total (interaction + self) - stationary
100,65.8328,63.2196,65.8328
111.419,67.1898,64.6193,67.1898
124.142,68.5141,65.9955,68.5141
138.318,69.8013,67.3456,69.8013
154.113,71.0462,68.6661,71.0462
171.711,72.2425,69.953,72.2425
191.319,73.3831,71.201,73.3831
213.166,74.4599,72.404,74.4599
237.508,75.4641,73.5549,75.4641
264.629,76.3865,74.6454,76.3865
294.848,77.2178,75.6665,77.2178
328.517,78.9278,77.5869,78.9278
366.031,79.4446,78.3325,79.4446
407.828,79.7393,78.8705,79.7393
454.399,79.777,79.1605,79.777
506.287,79.5179,79.1563,79.5179
564.101,78.9173,78.8057,78.9173
628.516,77.9262,78.0525,77.9262
700.287,76.4999,76.8448,76.4999
780.254,74.6238,75.1625,74.6238
869.353,72.3842,73.0875,72.3842
968.625,70.09,70.9259,70.09
1079.23,68.2886,69.2244,68.2886
1202.47,67.468,68.4713,67.468
1339.78,67.7827,68.8228,67.7827
1492.78,68.7051,69.7535,68.7051
1663.24,69.1334,70.1646,69.1334
1853.17,68.1755,69.1669,68.1755
2064.78,65.4795,66.4114,65.4795
2300.56,62.093,62.9488,62.093
2563.27,60.9991,61.7645,60.9991
2855.97,62.3104,62.9735,62.3104
3182.1,61.7145,62.2653,61.7145
3545.47,57.9214,58.3518,57.9214
3950.33,57.0731,57.3764,57.0731
4401.42,57.9892,58.1598,57.9892
4904.02,54.0897,54.123,54.0897
5464.02,54.8465,54.739,54.8465
6087.97,52.2592,52.0078,52.2592
6783.16,52.3998,52.002,52.3998
7557.74,49.2226,48.6767,49.2226
8420.77,49.8514,49.1555,49.8514
9382.35,48.5851,47.7381,48.5851
10453.7,46.3397,45.3405,46.3397
11647.5,44.7139,43.5616,44.7139
12977.5,43.62,42.3141,43.62
14459.4,43.1218,41.6616,43.1218
16110.6,42.3148,40.6999,42.3148
17950.2,39.6175,37.8476,39.6175
20000,39.7316,37.8063,39.7316
